mp-774945,2.34643435
mp-20012,-1.974584845
mp-690004,5.28951144
mp-757122,3.348130145
mp-504196,3.35863544
mp-771048,4.249947485
mp-540042,4.541800675
mp-756126,2.443622125
mp-778622,3.493991675
mp-764470,2.968298195
mp-764159,2.98733572
mp-761825,3.233683177
mp-773514,3.0175895
mp-778446,2.838271945
mp-752522,4.2337875
mp-554917,2.288637697
mp-26566,5.052201458
mp-1840,1.265109628
mp-849992,3.24280443
mp-759370,3.622156275
mp-759522,3.41051736
mp-774649,3.84954627
mp-780570,2.770851493
mp-570990,2.21424361
mp-758816,4.45244526
mp-694541,3.115360905
mp-769488,2.928681255
mp-752857,4.56518765
mp-756984,3.17339109
mp-764402,3.608010658
mp-775996,3.134087708
mp-1386044,1.90094932
mp-1101161,4.158621715
mp-755645,3.73209621
mp-774710,3.06906836
mp-760211,2.869295935
mp-766461,4.391737197
mp-761245,2.513238468
mp-754593,3.440850736
mp-1177704,3.812288105
mp-1178254,2.70167491
mp-754026,4.27684866
mp-755384,1.4465383
mp-31954,3.762422463
mp-771187,4.42145902
mp-770898,2.482979592
mp-867992,4.490853048
mp-1101729,5.010500919
mp-10631,0.94849008
mp-753788,5.181092205
mp-757412,3.93143
mp-769456,2.990433195
mp-849767,3.72120939
mp-775135,3.17160944
mp-761016,3.613747375
mp-753037,3.628776305
mp-1176684,3.991173698
mp-758621,3.58903038
mp-775270,4.045849752
mp-777235,2.599456685
mp-771523,2.096104392
mp-779530,5.584607037
mp-1177800,2.05158883
mp-1106357,-0.58731743
mp-756285,2.966611051
mp-756184,3.422388193
mp-771695,3.473392287
mp-754681,3.36560279
mp-1225001,0.68925364
mp-759677,3.807869068
mp-758665,2.602152063
mp-704185,4.286542235
mp-31554,4.716231572
mp-759495,2.819894493
mp-754773,3.75389655
mp-763318,3.77024831
mp-752714,5.232439825
mp-775807,3.030547243
mp-1364316,3.274833283
mp-755906,3.35590787
mp-776223,4.658407102
mp-27100,4.693817148
mp-697806,5.141478073
mp-26412,5.132882131
mp-773602,4.11365034
mp-769589,3.076266455
mp-757983,3.864078605
mp-752756,2.973424497
mp-504324,5.018669075
mp-753052,3.29389415
mp-705379,4.09892795
mp-1178446,4.180635853
mp-1047927,4.066260305
mp-766033,4.729073117
mp-756483,2.597148605
mp-756535,3.28281321
mp-1177706,2.57144692
mp-757479,3.90668081
mp-753509,2.85150256
mp-764645,4.63783101
mp-540420,5.47585603
mp-775818,1.564455847
mp-754705,3.335740405
mp-27016,3.749806203
mp-25436,1.995568685
mp-756523,3.47705879
mp-774654,3.915774967
mp-1341686,4.565053455
mp-759279,3.895163253
mp-756028,1.86056678
mp-689964,5.445463715
mp-684495,5.58885902
mp-780405,2.429127763
mp-1077177,0.61219491
mp-759933,1.929794272
mp-25830,4.209298555
mp-752557,3.86458755
mp-25433,1.90027408
mp-759957,3.883994195
mp-28269,2.743209288
mp-1184201,3.051636813
mp-758964,2.281886337
mp-19326,3.53148182
mp-769577,3.39684844
mp-771641,3.752382815
mp-18687,2.277757218
mp-774461,4.100290007
mp-25960,5.53315154
mp-772817,3.70935672
mp-771307,4.416589765
mp-752824,4.001693935
mp-764367,3.242452105
mp-25268,4.515949543
mp-756609,3.507760288
mp-850103,2.406404945
mp-754874,4.7248062
mp-752887,4.188573865
mp-27048,3.31064017
mp-849425,5.16070899
mp-759236,1.84718767
mp-773047,1.992480555
mp-849633,5.337189653
mp-756145,2.51620634
mp-504100,4.515675205
mp-540262,4.773315705
mp-760913,3.62198183
mp-850365,3.91916494
mp-776243,4.67406884
mp-26594,4.553676812
mp-26574,5.250353263
mp-585184,3.028032135
mp-764879,2.929938182
mp-775753,2.605008005
mp-773920,3.274852977
mp-756094,1.03151742
mp-573471,-0.366010053
mp-849520,3.722677633
mp-771820,3.45786327
mp-754558,4.176536183
mp-753550,2.23226038
mp-849747,3.16576729
mp-773053,3.68571445
mp-25214,3.346991155
mp-1101186,2.77876966
mp-849596,3.874465981
mp-756542,3.727771
mp-777408,4.48351114
mp-774811,3.51280724
mp-775296,2.903978555
mp-778021,4.878687584
mp-759456,4.46854084
mp-776109,3.038725125
mp-768933,3.489942338
mp-775192,3.965011995
mp-758389,3.132172037
mp-510752,3.012968545
mp-766548,1.828692237
mp-777463,6.140095485
mp-760178,4.460215342
mp-753350,4.15081283
mp-760358,2.992680835
mp-861444,2.386283923
mp-758950,3.34332669
mp-766151,3.646267255
mp-776152,3.619854937
mp-766596,1.601383301
mp-772395,3.20309071
mp-753236,2.13860727
mp-850539,4.567618837
mp-504348,4.05713229
mp-759108,4.96435508
mp-755191,4.06594632
mp-1120722,4.07532903
mp-584727,5.82326612
mp-1101349,3.342381355
mp-757128,5.046236255
mp-758703,3.871642213
mp-772337,4.603414585
mp-776100,3.561501283
mp-773198,4.19639511
mp-756391,4.060307115
mp-757374,2.327144366
mp-755571,2.85778465
mp-759807,3.626531285
mp-755872,2.672074607
mp-690014,4.919655113
mp-556540,2.255444817
mp-756478,2.48495258
mp-766789,4.216429453
mp-757357,3.12594591
mp-771173,3.987492577
mp-760077,3.831339426
mp-752802,4.93368692
mp-776759,3.697054425
mp-758499,2.679478448
mp-26446,3.94393111
mp-775293,4.67251792
mp-673070,2.58580252
mp-760037,4.113350104
mp-756506,2.33460641
mp-776659,2.548401145
mp-780699,2.67517806
mp-26630,1.93233068
mp-768595,4.242599387
mp-753449,4.327161648
mp-771768,5.39553477
mp-753756,3.073173635
mp-773120,3.723794695
mp-757932,3.250420338
mp-2156,2.09255107
mp-776662,2.879415395
mp-752616,4.267719325
mp-768262,4.31369843
mp-772144,3.323951477
mp-758668,4.812341063
mp-768451,4.433152935
mp-756860,3.351493475
mp-759678,2.682905208
mp-766681,4.104714475
mp-753440,3.33680228
mp-704988,5.384787705
mp-714960,3.56447279
mp-753839,4.249663852
mp-756808,3.457669643
mp-1176568,4.109933515
mp-759053,3.16271789
mp-752854,3.566463977
mp-780886,3.960098985
mp-761971,2.06997547
mp-768467,2.583184122
mp-775750,4.804009128
mp-867653,3.835759747
mp-760051,3.602772697
mp-755148,3.098742503
mp-756534,3.150229395
mp-10184,0.29152785
mp-767833,3.619266747
mp-689940,4.201521095
mp-759180,3.78196947
mp-766439,5.06191872
mp-765663,2.994672395
mp-26190,5.250217922
mp-756573,3.47264439
mp-540093,4.236416735
mp-585266,4.23057684
mp-1221593,3.10098823
mp-778482,2.955145485
mp-25946,3.396902835
mp-1072865,-0.05373644
mp-697733,4.101128233
mp-558004,1.991646057
mp-775462,2.99559748
mp-766877,4.42723505
mp-758894,3.495865728
mp-754313,3.492560787
mp-2657,1.02220469
mp-772319,2.825291625
mp-757022,3.50716092
mp-1177851,3.73785449
mp-771764,3.075353758
mp-768320,0.922604445
mp-755425,3.697777515
mp-25207,3.73880454
mp-754123,1.762727638
mp-752896,3.19590966
mp-714883,2.414338358
mp-776211,4.096089294
mp-25223,3.18202561
mp-753543,2.610076447
mp-753949,2.47333978
mp-1177872,3.643906885
mp-3980,1.83228944
mp-771020,3.449406845
mp-777723,3.852014665
mp-31746,2.75110247
mp-768641,3.847811055
mp-775167,3.70896231
mp-27850,1.33302365
mp-780162,3.328515585
mp-752945,4.0700932
mp-849495,3.9146438
mp-1178189,3.31136336
mp-1222532,4.6616391
mp-772564,4.323139855
mp-752737,3.05080172
mp-714969,3.143739655
mp-767644,4.119124585
mp-757163,4.6247206
mp-26840,2.256254545
mp-1178313,4.973785695
mp-27094,2.356906574
mp-763780,3.685603385
mp-861612,2.94112464
mp-1222351,6.283180225
mp-773070,1.39269916
mp-762032,1.92851371
mp-757302,3.291747695
mp-768357,2.40717428
mp-1078799,0.505042345
mp-758650,3.662579583
mp-850937,4.326009188
mp-1181340,3.05399678
mp-756552,3.550387847
mp-759084,5.77313703
mp-756257,3.768382005
mp-757058,5.58167579
mp-753897,2.56246993
mp-778073,4.800210391
mp-9173,1.907847955
mp-769935,3.395686218
mp-755508,3.981909957
mp-764977,2.629769528
mp-753999,2.693898865
mp-584116,4.73034364
mp-757069,2.87139602
mp-26390,1.639416145
mp-756366,3.219790425
mp-776644,3.634694653
mp-753789,3.69288962
mp-775017,3.790636655
mp-26110,2.455004615
mp-760313,4.3120597
mp-753965,4.37595664
mp-752997,2.450538192
mp-1040954,4.75201079
mp-772303,3.276266798
mp-1176503,4.298232515
mp-759530,3.97338964
mp-753784,4.635869755
mp-766097,4.85330486
mp-850026,3.614744376
mp-752530,3.94683188
mp-758197,5.055946707
mp-764201,1.98856163
mp-1275937,3.974835033
mp-775116,2.97124802
mp-32465,3.759980287
mp-559869,2.105014958
mp-759097,2.322824102
mp-752567,3.587166135
mp-762633,3.65486922
mp-1211950,5.45207936
mp-850989,3.31117297
mp-705373,5.066046592
mp-1101522,4.46395498
mp-772125,1.72912691
mp-25236,4.54513242
mp-770538,2.40906409
mp-684496,4.825154405
mp-756555,3.90686999
mp-779365,2.982607393
mp-767604,1.7151882
mp-1178444,3.677976725
mp-753483,4.38940088
mp-760595,4.019925985
mp-567597,0.79707978
mp-753240,2.40928528
mp-775307,4.445099608
mp-754643,3.497401185
mp-761010,1.468586325
mp-755715,2.376302905
mp-25303,3.317357413
mp-27102,5.144811168
mp-773088,4.267564975
mp-754024,2.76001105
mp-1101571,4.60169357
mp-18835,2.249278
mp-752971,1.271034195
mp-776484,1.889257273
mp-775191,3.605914115
mp-1094232,0.753296359
mp-695808,6.03411976
mp-1101577,4.791894405
mp-780524,3.442512975
mp-765509,3.717960588
mp-777653,2.456386448
mp-28000,2.32518517
mp-1101553,4.89495218
mp-780609,3.50550347
mp-540296,3.17558375
mp-26342,3.94838919
mp-753169,4.306837015
mp-780611,2.985203563
mp-673128,3.777545525
mp-26262,4.674425505
mp-771897,3.16398124
mp-1101248,4.046680747
mp-585338,3.063052556
mp-777793,3.670007861
mp-766403,3.602836093
mp-780575,5.478463203
mp-752519,2.72164399
mp-778481,4.812775845
mp-1178459,4.044667984
mp-768437,3.920899522
mp-770922,3.67213603
mp-771696,2.590716027
mp-755163,2.50355296
mp-850395,3.5970481
mp-753474,4.72947395
mp-540395,3.79360177
mp-755276,3.2946774
mp-764345,2.455737655
mp-764557,3.684775767
mp-623511,0.534255217
mp-757131,2.960717955
mp-762932,2.859544745
mp-776537,4.41978568
mp-775539,3.41564647
mp-758590,3.5929991
mp-752600,4.569176968
mp-504406,5.221396037
mp-753604,4.25784578
mp-1176495,3.610386358
mp-705562,3.624975328
mp-777317,4.441763174
mp-1177736,4.287980108
mp-755965,2.088139035
mp-758530,3.26407571
mp-756967,2.91987688
mp-756587,2.09858136
mp-770554,4.056023725
mp-770474,2.30472089
mp-1101586,5.246803913
mp-778765,4.826910994
mp-1072922,0.042999055
mp-756899,3.61941183
mp-766118,4.537005782
mp-697730,4.822989657
mp-772291,3.7170796
mp-540111,3.212525908
mp-774673,3.294448122
mp-753759,4.07886935
mp-762820,3.47444207
mp-753434,5.88624455
mp-758437,3.630911775
mp-761730,3.197080877
mp-1176500,3.49331079
mp-1802603,4.249307585
mp-850025,3.779189132
mp-774402,4.053127433
mp-766466,3.746406967
mp-758838,3.03045335
mp-759849,1.658249425
mp-1178324,3.486546652
mp-753694,4.2759197
mp-763482,3.159236715
mp-756099,3.216487557
mp-771197,4.317473225
mp-1172917,3.449080958
mp-774635,2.527884148
mp-775155,2.736658603
mp-753096,3.94588707
mp-756060,2.985660637
mp-756435,2.353449735
mp-772182,3.515752705
mp-1216366,3.154624192
mp-755871,2.00449784
mp-777455,3.393277765
mp-758854,3.12386151
mp-863354,2.555184477
mp-770608,3.714386298
mp-1041572,4.836329875
mp-1404610,2.02122091
mp-26316,4.96498697
mp-755561,3.695027157
mp-781081,4.396753485
mp-777375,3.245561273
mp-761986,0.434339013
mp-774390,3.927318491
mp-1326425,3.20116917
mp-768928,4.093227209
mp-540064,4.534539595
mp-772951,4.251352439
mp-763253,3.902936665
mp-756482,4.07734323
mp-12564,1.18908321
mp-771072,2.92798059
mp-766131,5.21025044
mp-9750,2.842797129
mp-759038,2.53830611
mp-758647,2.793847488
mp-758744,3.567145735
mp-861850,3.62864166
mp-763201,2.16505397
mp-773071,3.84908427
mp-32018,5.396486895
mp-778061,3.617312548
mp-1271850,3.070467489
mp-767320,4.05595318
mp-765258,5.19040932
mp-757059,4.340131473
mp-1207229,2.0406196
mp-759614,4.709108545
mp-2164,1.944494105
mp-780159,4.457388325
mp-32023,4.511739483
mp-761158,3.377974945
mp-762239,4.19913415
mp-1176345,2.853389275
mp-849731,2.69186392
mp-705467,4.360543114
mp-766234,3.730991342
mp-771044,3.417003322
mp-849770,4.103984035
mp-771701,3.116789645
mp-776142,2.78778171
mp-753127,1.57952722
mp-31572,5.39047212
mp-673105,4.182299213
mp-771912,2.21078381
mp-1101258,1.99124228
mp-755560,2.3116622
mp-545796,4.71604097
mp-761101,2.912048975
mp-753895,4.569509448
mp-763192,2.78823199
mp-770762,3.962818087
mp-757641,2.65872907
mp-849736,5.428109258
mp-1101275,3.472333608
mp-782631,4.34339303
mp-757440,5.31476833
mp-775326,0.942893543
mp-759668,4.28063354
mp-778032,3.381773135
mp-781684,4.860058775
mp-781010,2.80795673
mp-769604,2.621543835
mp-754339,3.17381903
mp-766106,3.447812025
mp-775302,3.489704667
mp-778234,5.205762911
mp-1207160,3.06469675
mp-26974,3.407390148
mp-753485,4.077132665
mp-558049,2.662595907
mp-760255,3.488411142
mp-1178259,4.630670419
mp-774347,4.345185945
mp-25301,1.584287905
mp-759972,3.212874826
mp-1040930,3.453305958
mp-759101,5.185674325
mp-768828,3.62797207
mp-1207082,-0.37597175
mp-26998,6.188128198
mp-768574,1.787837865
mp-756766,3.423127757
mp-761092,3.06364007
mp-774501,3.060993293
mp-778931,4.10153588
mp-775024,4.625726457
mp-753551,3.959896645
mp-771822,1.99034045
mp-753531,1.97501946
mp-767740,2.773853933
mp-26644,3.979995321
mp-761256,3.36629239
mp-761168,3.638378735
mp-585339,4.371143497
mp-504117,5.048515714
mp-775197,2.259250455
mp-752633,3.900970347
mp-755266,1.92658938
mp-762493,3.12847359
mp-766375,4.65536402
mp-753496,2.90581106
mp-1181398,3.16447751
mp-25932,3.379117755
mp-771674,3.678345345
mp-1101525,4.100929528
mp-754156,3.529696625
mp-754754,0.905842425
mp-752912,4.855921985
mp-759143,5.202664087
mp-757397,2.818626573
mp-759525,4.083393115
mp-762575,3.857643815
mp-504341,4.44974072
mp-775212,2.394585552
mp-772613,2.833678167
mp-759136,3.656364902
mp-769543,4.13691542
mp-771880,4.269650657
mp-775224,2.7331749
mp-766081,3.388839185
mp-25898,4.92375437
mp-766414,3.508258431
mp-765584,5.094136692
mp-753734,3.417327025
mp-758047,4.81886188
mp-771320,4.661625873
mp-757499,4.20227757
mp-753796,3.070316695
mp-776060,2.927950502
mp-756662,4.503076078
mp-760249,3.873614961
mp-849086,3.10739293
mp-775200,4.272711143
mp-764410,3.834513831
mp-759075,4.80639537
mp-540169,5.263891263
mp-766228,3.610933902
mp-757057,3.66295617
mp-766497,3.266890015
mp-530480,1.18242879
mp-26616,3.25314111
mp-780604,5.286667796
mp-768525,3.593945085
mp-767526,1.88020797
mp-753867,5.10065384
mp-752738,4.71343186
mp-754799,2.77758452
mp-753696,4.440177005
mp-697774,4.62681589
mp-1072259,-0.217982265
mp-776603,4.336607807
mp-568488,1.242117665
mp-755229,2.944281243
mp-766085,3.518680447
mp-867575,3.809568105
mp-757155,2.736426265
mp-849995,5.034852107
mp-1177928,3.61863676
mp-753362,2.827961755
mp-504259,4.358802052
mp-753370,4.02439915
mp-773061,1.531431305
mp-772530,3.438497173
mp-1101268,5.055257172
mp-672993,5.361263185
mp-35925,3.009766555
mp-540133,4.258955885
mp-778207,4.327155
mp-26458,4.688352878
mp-769975,3.10257863
mp-704189,3.925911695
mp-759297,3.122010397
mp-764086,2.81500044
mp-1044234,5.293892738
mp-26150,5.052982547
mp-775179,4.171002165
mp-758340,2.964518775
mp-850962,4.7166833
mp-755888,3.49784431
mp-757061,3.281644717
mp-775850,2.544013023
mp-1226264,2.37187367
mp-778325,1.872981185
mp-705358,3.367383115
mp-776411,4.44043228
mp-998890,-0.005609873
mp-504336,2.324694428
mp-26996,5.17920884
mp-504098,4.296577875
mp-1177617,2.8100453
mp-766395,3.323922765
mp-776082,1.861013185
mp-776812,4.9248647
mp-771910,3.93343608
mp-861261,3.627003412
mp-26981,3.649223335
mp-780530,3.104444415
mp-764607,3.60104396
mp-25280,3.103616853
mp-780323,4.287808395
mp-755402,2.6300515
mp-759349,3.435218915
mp-765724,4.095597362
mp-753855,4.53491316
mp-25305,1.15275902
mp-756965,3.89208401
mp-705019,5.425351045
mp-756838,3.942239873
mp-1225059,3.409027398
mp-26438,4.82883227
mp-753471,1.65099052
mp-753158,3.51194276
mp-772213,3.93308792
mp-766983,1.98337507
mp-762390,2.82500976
mp-754014,3.627713337
mp-759157,3.340708265
mp-558956,1.88459336
mp-778827,3.29927451
mp-505436,2.04998206
mp-756900,3.589259292
mp-772635,3.9555314
mp-729135,5.014924103
mp-774910,3.22043948
mp-1101501,5.331707873
mp-656884,4.19875095
mp-756938,4.102685375
mp-755719,3.35952357
mp-705372,5.348609477
mp-763835,3.18351268
mp-672981,4.801789322
mp-775006,3.381261497
mp-764744,3.05546996
mp-684059,3.766661765
mp-776068,2.725087097
mp-1176660,3.906189895
mp-757186,4.60901623
mp-25850,4.366451472
mp-753014,3.660484882
mp-757045,3.32047291
mp-763927,2.01812458
mp-774621,1.992396985
mp-774457,3.027070403
mp-1009131,1.22053422
mp-777850,3.220767085
mp-883548,3.044171432
mp-774878,2.848465573
mp-759208,3.966893012
mp-849292,3.29630803
mp-26104,4.246266258
mp-757180,3.918390712
mp-26450,5.112107605
mp-758020,3.297501605
mp-1120825,3.754327715
mp-757051,2.516187658
mp-758446,3.566640823
mp-1207222,2.61234065
mp-27826,2.3672603
mp-779909,1.7326862
mp-760115,3.569298315
mp-752907,4.53128461
mp-758809,4.68076845
mp-763507,3.7347194
mp-1062652,4.3736146
mp-758769,4.709376745
mp-26940,3.902309185
mp-758922,4.179698115
mp-760233,4.098312328
mp-758265,4.286645315
mp-778008,3.479875347
mp-755517,2.02810974
mp-781740,2.82316121
mp-764401,3.615938645
mp-759343,5.85427226
mp-753251,3.25330326
mp-778734,2.476386195
mp-778369,3.921692866
mp-756594,3.61883052
mp-758469,3.91287139
mp-752604,3.962541128
mp-761130,3.373428583
mp-769559,4.73393511
mp-758095,3.52215241
mp-755640,3.45278711
mp-755979,3.34773853
mp-759153,3.680952735
mp-775891,4.035294117
mp-561428,5.977201855
mp-540414,4.22218793
mp-1177775,3.287208113
mp-756128,3.62054905
mp-849671,4.636757545
mp-585202,4.424947592
mp-758960,2.590647315
mp-768544,4.11956169
mp-752903,2.893091515
mp-27008,3.758837645
mp-1350503,4.12071354
mp-765500,4.49456734
mp-850203,1.291913285
mp-758326,3.735767225
mp-25205,3.946802585
mp-754223,3.41561076
mp-752866,3.421838983
mp-775873,4.17419463
mp-850905,3.87060625
mp-773506,3.74980074
mp-25257,3.67345472
mp-756854,2.15047255
mp-849340,2.787270475
mp-758436,1.817714535
mp-763057,3.472639223
mp-761177,4.371764432
mp-757060,3.247071893
mp-849410,3.913492487
mp-772596,3.1539902
mp-851093,4.51192609
mp-689929,3.832954228
mp-769967,1.70530865
mp-755377,4.666802795
mp-755934,2.07738199
mp-772266,3.26225509
mp-554701,3.203201185
mp-770558,4.360745415
mp-766688,3.466609667
mp-849323,4.473979435
mp-753998,3.77128627
mp-758121,3.347057715
mp-25884,4.478261175
mp-756311,1.97552437
mp-760312,4.663962644
mp-757234,4.264393573
mp-26224,4.472373645
mp-1176526,3.733133624
mp-761501,3.62991967
mp-849418,2.72072489
mp-1204119,5.867182598
mp-756019,4.4965442
mp-756754,3.798156903
mp-753606,4.17246797
mp-772269,3.590654568
mp-760030,2.357172138
mp-761614,4.123991317
mp-504097,4.461874953
mp-759215,3.742372963
mp-673029,3.476576197
mp-758827,4.56980551
mp-752498,3.45777653
mp-772225,5.32280643
mp-757950,3.62418597
mp-1253019,4.781831555
mp-1101227,3.43572924
mp-26724,5.418402275
mp-26778,5.23683275
mp-771885,2.210664505
mp-775334,2.820665378
mp-554278,1.161941591
mp-753211,1.80724048
mp-757049,3.695400143
mp-775134,2.773612842
mp-770576,4.10768126
mp-1177772,3.47036443
mp-768625,3.00997345
mp-771053,4.549336031
mp-861278,4.536242972
mp-762624,3.59696273
mp-753168,2.584381275
mp-755181,3.41802196
mp-771391,3.6705192
mp-753225,2.563664195
mp-1389152,3.815163545
mp-25332,4.127197405
mp-1176466,3.844735263
mp-761530,4.47068852
mp-777585,4.71223731
mp-756295,3.33512333
mp-1013526,1.71578811
mp-694,1.34065524
mp-583836,3.40330797
mp-25239,3.300018625
mp-774416,3.102911673
mp-754644,4.144086858
mp-1043501,5.024529735
mp-756438,4.173690558
mp-772136,4.715734031
mp-766460,3.253853116
mp-759780,3.533163423
mp-753112,2.9831528
mp-570213,-0.08054383
mp-752786,3.596259718
mp-758273,3.366678383
mp-758676,3.80397886
mp-766529,2.916479872
mp-755017,2.737513515
mp-26986,3.6112205
mp-705031,4.930101899
mp-770859,4.086224093
mp-761279,2.41807513
mp-754917,3.017551143
mp-771184,4.77864159
mp-778217,4.118598043
mp-752830,2.595628615
mp-780614,3.426925722
mp-777859,4.307023736
mp-26532,4.59455343
mp-776755,4.164329844
mp-777816,3.46674131
mp-754310,7.01872739
mp-755394,2.85645981
mp-777771,4.42529581
mp-758380,3.94137167
mp-777879,4.336518855
mp-756174,3.334533415
mp-773014,5.297492683
mp-756398,3.14506721
mp-753373,2.1116118
mp-1046704,3.820400838
mp-767779,4.46131564
mp-777821,3.04178244
mp-775628,0.847995295
mp-753013,3.84551141
mp-770902,4.537853495
mp-779443,3.16115156
mp-773672,3.516513275
mp-26062,4.756025685
mp-764672,3.30788786
mp-754900,3.065606335
mp-758293,3.979607088
mp-1101280,4.01528975
mp-766382,3.561761972
mp-1018126,-1.987401485
mp-773140,4.44554788
mp-766870,3.36632404
mp-25974,3.36339152
mp-1177782,2.76459389
mp-25240,4.97614147
mp-758214,4.280474548
mp-759625,4.60477216
mp-759725,4.41761947
mp-774500,2.654757645
mp-754951,3.73692706
mp-1176576,3.08345989
mp-1173004,2.991409526
mp-754609,3.008787377
mp-673020,5.242727118
mp-851082,4.028675995
mp-776057,3.466378173
mp-757495,3.25681146
mp-540440,5.373015905
mp-769573,1.86595465
mp-770710,4.53294851
mp-768068,4.61578402
mp-1177655,5.628605872
mp-763540,4.33085581
mp-1101292,3.596396062
mp-772533,4.866725089
mp-1101517,5.217378025
mp-687229,5.76968632
mp-757052,2.401059892
mp-766462,2.86060879
mp-704492,4.355601132
mp-768512,4.555189016
mp-761260,2.53878685
mp-776004,3.148744255
mp-776119,3.901202618
mp-754167,3.799085997
mp-29104,1.66111694
mp-753186,2.63117942
mp-25234,4.09405608
mp-771350,4.2398915
mp-26692,4.97691052
mp-756833,3.97396804
mp-1048383,5.267412905
mp-1047920,3.561168385
mp-760859,4.30996369
mp-1101503,2.839493075
mp-756349,3.929909785
mp-752842,3.296924955
mp-540258,3.21744478
mp-1210743,0.84698981
mp-9561,1.78787378
mp-762880,3.712928878
mp-780465,3.397406528
mp-767627,4.998079465
mp-26218,2.790377467
mp-38487,1.84794401
mp-777342,2.908635317
mp-554855,5.316766339
mp-774064,3.417624235
mp-758679,1.66545997
mp-20021,-0.013071785
mp-775175,2.378478895
mp-504350,4.259238845
mp-754132,2.79976464
mp-778517,4.127972323
mp-540146,4.09859646
mp-757065,3.63759259
mp-775297,3.910637805
mp-760027,3.939045623
mp-774257,3.7015768
mp-555112,4.61587591
mp-80,0.933518512
mp-759483,3.683577355
mp-777048,4.36870112
mp-757467,3.207240195
mp-756529,4.05299855
mp-779766,5.090676435
mp-754020,3.630536325
mp-673117,4.569277155
mp-766014,2.70333749
mp-758770,1.54468369
mp-756950,3.787754733
mp-849588,3.442544625
mp-756797,3.366042465
mp-768547,3.745936195
mp-585038,5.217481153
mp-673017,4.76464041
mp-762529,4.06283768
mp-1176532,4.878065406
mp-849412,4.168666876
mp-764736,3.51114285
mp-757859,4.446014825
mp-774165,4.21033147
mp-756793,1.78230307
mp-773001,5.325289973
mp-1177722,4.281867785
mp-773538,3.500864668
mp-25210,4.14994595
mp-769633,3.632762735
mp-762249,3.6790403
mp-756110,4.03552595
mp-1176463,3.706494563
mp-504149,2.964264424
mp-759176,3.67144824
mp-780612,4.011821786
mp-763767,2.77253121
mp-1178425,4.508151973
mp-1176556,3.463629125
mp-504304,3.215932378
mp-758663,3.698702465
mp-772173,4.038528896
mp-1101524,4.818893693
mp-754963,3.39811506
mp-6488,0.902978145
mp-1178258,4.639565405
mp-767572,3.714199038
mp-771265,3.84279192
mp-850920,3.508646245
mp-765340,4.584753505
mp-774302,3.943043881
mp-753266,4.43225825
mp-754012,4.26999066
mp-757029,3.958925863
mp-773187,1.774985208
mp-18989,-0.39509331
mp-760320,4.565018069
mp-755227,4.673346345
mp-771971,2.00622081
mp-758232,4.99452379
mp-756275,1.037446995
mp-1101485,4.820407809
mp-867746,3.602466442
mp-704226,4.241661402
mp-754425,3.9036644
mp-756488,4.460147255
mp-757949,2.97182655
mp-1444811,1.828490185
mp-672945,5.335410285
mp-753959,3.06359756
mp-756496,3.51291145
mp-1429856,3.30830166
mp-26794,4.1598223
mp-773058,1.49587935
mp-753075,1.86454451
mp-26902,4.62529955
mp-753435,5.5016664
mp-689967,4.79764138
mp-752523,3.66589295
mp-779064,2.6699552
mp-758012,4.887748196
mp-1101213,3.13664015
mp-765621,4.600250248
mp-759777,3.190340103
mp-780849,3.440578141
mp-752980,3.422819906
mp-755351,4.11185695
mp-771261,4.380335784
mp-759524,4.227112812
mp-849262,3.634192055
mp-752705,2.91221396
mp-754430,3.38558866
mp-27046,3.902619655
mp-673047,4.582780377
mp-26632,4.477009517
mp-759521,3.515994112
mp-850188,4.476495465
mp-759851,2.690583333
mp-759226,3.92814056
mp-755263,2.38075831
mp-756463,3.122332628
mp-756615,3.53371027
mp-705024,3.967720365
mp-758388,3.51275498
mp-777811,5.37565836
mp-861565,3.2908956
mp-765636,3.013610057
mp-849990,3.406103715
mp-774419,4.325805078
mp-775162,3.774000417
mp-25238,4.483728425
mp-755075,3.907904067
mp-870306,2.71679227
mp-763292,3.18191846
mp-764333,3.28223657
mp-778490,4.167187235
mp-761042,2.372011968
mp-1176697,4.566896745
mp-768599,4.11969282
mp-781672,3.146149493
mp-1045606,4.49356904
mp-25288,3.47982585
mp-775544,3.3772713
mp-764518,3.29668595
mp-759337,5.37188297
mp-773044,2.96858527
mp-753029,3.2902292
mp-759169,6.015325782
mp-753469,4.02219698
mp-714904,4.21968361
mp-773511,3.666256823
mp-780523,3.82249635
mp-689943,4.475622065
mp-559931,2.366747965
mp-771190,3.908427089
mp-766418,3.455038156
mp-757191,3.07479086
mp-774871,4.01429917
mp-758888,4.10366696
mp-758117,2.780188045
mp-1040982,5.023880107
mp-770757,3.54797989
mp-568806,0.192474605
mp-771571,2.96954498
mp-25886,4.43715325
mp-1048029,5.26662376
mp-754767,2.02978386
mp-26172,4.15321094
mp-8189,1.095966905
mp-30613,-0.09312269
mp-684096,5.229434735
mp-771886,4.81167745
mp-776358,3.908925575
mp-780572,2.928391355
mp-754033,4.56298247
mp-1101518,2.798137205
mp-2194,1.5670647
mp-772505,5.32282387
mp-758608,2.80882827
mp-768501,4.194297065
mp-759937,4.027181609
mp-767392,1.66603367
mp-22398,3.373306175
mp-772061,3.509546582
mp-553997,2.942826465
mp-26792,3.32282421
mp-752964,3.73509772
mp-764357,3.431363887
mp-773238,3.15334514
mp-769598,3.5518971
mp-754200,2.838869553
mp-555920,1.436647565
mp-767706,2.58461466
mp-850874,4.229900721
mp-770650,3.680381035
mp-849448,3.955192497
mp-759549,5.1436555
mp-767722,4.50229779
mp-758622,2.84357395
mp-776272,4.206598533
mp-753031,4.08557833
mp-504276,3.213570862
mp-775276,4.291246677
mp-1176775,3.682315338
mp-675140,1.64057208
mp-756384,4.36031054
mp-775436,4.518055403
mp-765972,4.70945009
mp-555003,3.601490007
mp-753061,3.722264107
mp-689834,5.458640377
mp-757044,4.58586266
mp-684508,3.22845754
mp-753805,3.550213395
mp-849656,3.652135797
mp-755875,0.8791985
mp-764274,4.078583049
mp-705201,3.285270234
mp-759319,4.218635145
mp-756447,3.245359473
mp-510751,3.084423943
mp-772911,3.48223774
mp-759992,3.644485833
mp-540138,3.324364812
mp-772720,4.267533612
mp-1178257,3.93853665
mp-767597,4.851453295
mp-1176543,2.783152817
mp-753432,2.735218165
mp-540013,4.733820513
mp-766042,3.927596255
mp-753787,3.56751603
mp-1176727,3.86713304
mp-849451,4.053361485
mp-768093,5.116886275
mp-556560,4.040647738
mp-757008,2.31918622
mp-504291,4.894138663
mp-774383,2.923095815
mp-757998,4.21640612
mp-775234,2.568813915
mp-755529,2.810629865
mp-1101670,4.069478743
mp-25202,2.585235375
mp-777440,4.491944025
mp-769584,4.12028299
mp-760086,4.76933378
mp-10033,2.382014663
mp-768943,3.893923592
mp-757039,4.389150393
mp-715479,3.859520465
mp-540496,5.119717872
mp-504142,4.666143604
mp-757245,2.9946665
mp-777531,2.605245615
mp-766127,3.252493255
mp-779309,2.950462837
mp-26460,4.751078665
mp-760947,3.420275433
mp-766254,5.097707078
mp-774620,2.906486085
mp-760329,4.712461855
mp-32393,5.51843431
mp-756562,4.24167943
mp-696012,5.583028112
mp-758574,2.757918003
mp-5549,0.30372579
mp-758898,3.386664895
mp-777751,2.150074508
mp-1002219,-1.593907
mp-755596,2.50984135
mp-753244,4.968621062
mp-757410,4.09974333
mp-763965,3.338280733
mp-25466,4.571032275
mp-758491,4.164769793
mp-766488,3.61338839
mp-754461,2.93975806
mp-766544,3.458359772
mp-760326,4.05638928
mp-770515,3.572447637
mp-753655,3.301440115
mp-756830,3.65418555
mp-752591,3.649565185
mp-755307,3.575451313
mp-775201,4.413634845
mp-763524,4.53454551
mp-540256,4.903585935
mp-774043,4.509524405
mp-757861,4.412303125
mp-754797,4.662542275
mp-782720,2.87240266
mp-758060,2.979473094
mp-849889,4.03974766
mp-758564,3.52146668
mp-540379,3.885053
mp-1225007,-0.24467478
mp-756952,4.57491038
mp-1044823,2.632525742
mp-780203,3.18075604
mp-699352,4.76158215
mp-756413,4.35113322
mp-778865,2.949299037
mp-705008,4.917457348
mp-768883,3.269032695
mp-556822,2.097720462
mp-770557,3.492846344
mp-773026,3.29445556
mp-769871,3.70656266
mp-763336,4.01026096
mp-1206883,4.81366176
mp-761449,2.163606113
mp-771947,3.485945298
mp-753706,3.721370412
mp-770477,3.625515325
mp-850215,2.291001005
mp-777003,5.027071669
mp-775301,3.4588192
mp-1223174,3.844358504
mp-758593,3.70504944
mp-753215,4.33717378
mp-766128,4.58507616
mp-758601,4.56605932
mp-754836,1.90797462
mp-778224,3.692332065
mp-759757,3.910057
mp-759177,2.6269208
mp-541103,5.667947847
mp-782664,3.526510372
mp-780467,4.111629966
mp-1101523,5.10597076
mp-850007,4.10605389
mp-644514,3.62281806
mp-883520,1.909171975
mp-771595,1.78269223
mp-1405126,1.85534859
mp-774950,2.056426877
mp-767632,2.131644653
mp-776577,2.961557714
mp-26432,5.709712265
mp-766542,2.795472815
mp-758559,4.577441142
mp-762856,4.767807625
mp-759133,4.17804375
mp-1101585,5.014201007
mp-767469,1.42986923
mp-756173,1.401617845
mp-758545,2.998487387
mp-775274,1.698331006
mp-684426,5.04065803
mp-771326,2.182433085
mp-850744,3.045744853
mp-561006,1.31767259
mp-684120,4.59694763
mp-767436,3.45572225
mp-777460,3.528618667
mp-772632,3.427244585
mp-697819,4.411901125
mp-770905,3.998409615
mp-776164,3.223833745
mp-764903,3.397808455
mp-756726,3.200455855
mp-863857,4.070853235
mp-1176746,4.82414609
mp-768612,4.453492895
mp-765595,3.525748335
mp-1178442,4.785600028
mp-756710,4.5800023
mp-705433,5.12684962
mp-756736,3.985738785
mp-705035,4.162804873
mp-772016,4.09516723
mp-849993,6.469981882
mp-585323,4.034909695
mp-768456,4.698486122
mp-766096,4.259236778
mp-1048335,4.392574567
mp-1047121,3.708855903
mp-31257,1.802555778
mp-1100425,0.94517379
mp-772100,2.56134737
mp-1356526,5.072958775
mp-767534,3.476553375
mp-1018112,1.465470326
mp-760219,3.710996008
mp-684534,2.475142353
mp-17242,1.426262285
mp-26639,4.483444758
mp-754804,1.15790866
mp-777608,1.9455469
mp-782662,2.451867845
mp-779347,2.50781935
mp-27743,5.53474993
mp-758760,5.131571885
mp-782668,3.769002723
mp-753921,2.849582397
mp-766205,3.640027693
mp-753030,4.13805732
mp-758228,4.62076686
mp-760355,4.2475715
mp-763517,2.589565162
mp-1041196,2.033601035
mp-753136,2.665993545
mp-759829,3.384306255
mp-758831,3.59362769
mp-759382,1.636043917
mp-770892,3.661732967
mp-540391,4.208664775
mp-757363,3.62257759
mp-1176412,2.492682125
mp-768606,3.665316245
mp-754270,3.37612074
mp-774508,3.550880675
mp-1176528,4.197461903
mp-673069,4.687315565
mp-776288,3.237592598
mp-756087,2.55989815
mp-26716,5.228489892
mp-510746,8.718342275
mp-1385977,6.927182785
mp-757881,4.118734955
mp-1176954,2.9938258
mp-773607,3.6604316
mp-767719,2.46475713
mp-850531,3.748535117
mp-753886,2.94611827
mp-769557,1.33379799
mp-754939,3.897986665
mp-754356,3.42401217
mp-850948,3.73378133
mp-763609,2.30164824
mp-755748,2.242955935
mp-758407,4.762941775
mp-32334,5.37805054
mp-25428,4.406362826
mp-771188,4.23376918
mp-26586,3.596995335
mp-763324,4.380636065
mp-775831,3.045145773
mp-768526,5.208366868
mp-752751,4.532558443
mp-775181,3.915474037
mp-772211,3.079203515
mp-756920,3.680159835
mp-556603,3.29675118
mp-756941,3.907885615
mp-861494,3.500292467
mp-764774,2.33415788
mp-772277,4.079604223
mp-761041,1.582098385
mp-776008,3.843292633
mp-757489,2.800846745
mp-752640,2.62768703
mp-867971,4.335038117
mp-25896,4.580992382
mp-753542,3.24611939
mp-753857,4.542434385
mp-849562,4.192947448
mp-769074,1.007604067
mp-760536,3.855117945
mp-755620,3.38512859
mp-757306,4.387039555
mp-758978,3.31300737
mp-774415,2.88843569
mp-775219,3.429472295
mp-756329,3.87020564
mp-705354,4.096915815
mp-758383,3.05433036
mp-1222737,3.685881015
mp-540439,4.3429866
mp-772662,4.393309445
mp-763371,4.63856546
mp-771431,3.035250682
mp-26662,5.00736611
mp-770696,3.34308572
mp-759144,3.70082618
mp-756218,2.35980135
mp-1407587,4.560966255
mp-768676,3.723576887
mp-753247,5.24228322
mp-771245,4.141210985
mp-26066,4.913832655
mp-775644,3.463183863
mp-614565,4.57607779
mp-26252,3.86791855
mp-882899,4.19190991
mp-759471,1.34377555
mp-26406,4.14858196
mp-766442,3.231490963
mp-767435,2.971406428
mp-26388,4.82424326
mp-756291,3.173598605
mp-540894,3.579695116
mp-773432,3.88515246
mp-761589,4.04618778
mp-768492,0.81044606
mp-774891,2.837420168
mp-757790,2.752661035
mp-759812,2.502040733
mp-778111,4.879698152
mp-504265,4.102322038
mp-753607,3.93104959
mp-763508,3.63375171
mp-559279,2.978459953
mp-756357,3.17209794
mp-766894,2.278581357
mp-849725,5.053241695
mp-768680,1.92383243
mp-706469,4.249701845
mp-770187,3.555275562
mp-752512,1.62445842
mp-540828,2.441724172
mp-752815,4.033372317
mp-756191,3.38339069
mp-755299,2.17764116
mp-26088,4.755575337
mp-704959,4.84714358
mp-850332,2.99185371
mp-656887,3.362569515
mp-777002,1.550887813
mp-780043,3.654694352
mp-774601,4.06365466
mp-861258,3.30521409
mp-775220,3.453268195
mp-561349,1.411101402
mp-1101243,2.325372465
mp-754748,3.973985542
mp-849720,3.152631525
mp-753574,5.957615815
mp-773170,4.299642115
mp-777580,3.358543423
mp-849746,3.383424483
mp-776195,3.1658617
mp-25878,4.105201227
mp-1176616,3.43750198
mp-774638,3.974719813
mp-755884,3.371772242
mp-831269,3.286631738
mp-779879,4.672834413
mp-584637,2.247872915
mp-554799,4.272103115
mp-764445,4.112921716
mp-1176479,3.136282077
mp-766419,2.96424524
mp-759752,2.358050338
mp-767351,2.205322104
mp-775131,3.351627985
mp-771149,2.80124369
mp-776581,3.987461375
mp-755220,3.50501433
mp-773127,3.905097137
mp-772131,2.53423617
mp-781682,3.453024995
mp-765626,3.0050586
mp-752981,4.105325005
mp-697789,4.19200773
mp-504414,3.049782639
mp-769572,2.82436611
mp-765600,4.68701989
mp-774482,1.16088224
mp-704299,3.278520546
mp-753284,4.82306468
mp-771388,4.223814717
mp-850780,2.55849746
mp-753116,3.772975908
mp-18640,1.537686125
mp-772268,5.41557146
mp-776450,3.419916745
mp-1222446,3.72672032
mp-773004,3.376460723
mp-755215,4.242925143
mp-775543,2.359154195
mp-772437,3.043870518
mp-757287,3.68800205
mp-19395,3.40660569
mp-756780,3.79914031
mp-772143,2.771931338
mp-781825,2.80186357
mp-753036,3.104237557
mp-1001833,-1.85232071
mp-1142713,4.084753575
mp-1101521,3.573509505
mp-1078168,2.514615
mp-756589,3.71850101
mp-754254,4.270126765
mp-759200,2.92480224
mp-765316,4.62514351
mp-754649,4.279335225
mp-756043,4.76396033
mp-776750,4.715299186
mp-757879,4.301086747
mp-27044,5.24962664
mp-1101228,5.022382245
mp-766435,3.50652782
mp-540050,3.02296611
mp-759095,2.555610637
mp-768727,1.90231213
mp-780288,4.5557655
mp-755124,3.820661985
mp-757156,3.097801895
mp-776832,4.728630964
mp-850538,2.805655145
mp-765572,3.700013445
mp-758669,2.9947689
mp-772072,4.443425415
mp-540145,5.40074389
mp-25262,2.947222563
mp-758846,3.778789905
mp-763541,1.727999897
mp-1101509,3.82123247
mp-541668,2.95913255
mp-1222991,3.938906073
mp-771312,5.37270504
mp-752772,3.855470515
mp-759788,3.01085062
mp-1177353,2.611829005
mp-771687,3.234364345
mp-755442,2.983169963
mp-673116,5.332222757
mp-771769,4.11129646
mp-26074,4.64991028
mp-771137,3.92049805
mp-769461,3.26458075
mp-881173,3.678552715
mp-1047904,4.851894145
mp-775272,4.248313975
mp-1222682,2.30859351
mp-775438,2.967675977
mp-775340,4.15831298
mp-759340,3.967215131
mp-764383,3.814612561
mp-757151,5.03416062
mp-773000,2.0047126
mp-755995,2.438309055
mp-758244,3.45121346
mp-771243,3.852854782
mp-777666,1.496325057
mp-26950,4.16015773
mp-758123,4.044678015
mp-757965,3.36931288
mp-752989,0.53886459
mp-761540,4.220230005
mp-1443203,4.807860525
mp-757903,3.947743632
mp-775333,3.682602302
mp-753596,4.69787201
mp-756167,2.708201385
mp-755814,2.08536422
mp-753576,3.22072622
mp-777880,2.936094862
mp-26116,3.21163928
mp-753016,2.9877826
mp-753525,4.024694258
mp-867845,4.72357699
mp-697734,5.730207925
mp-37399,0.16244648
mp-778074,4.803642777
mp-753185,3.868199125
mp-773507,4.110028875
mp-779913,2.40312872
mp-764606,2.84270461
mp-772616,3.34526386
mp-770697,4.35508853
mp-705436,5.01959719
mp-764415,3.807814731
mp-752936,4.536227865
mp-570170,1.568041592
mp-760202,4.765759778
mp-775991,3.846136943
mp-584339,4.7841797
mp-850867,3.93016931
mp-26210,4.83178301
mp-771940,4.250520212
mp-767771,3.302164795
mp-754261,3.1389604
mp-766386,3.716537571
mp-754451,3.106434973
mp-772284,3.338533948
mp-771970,3.349273707
mp-755961,3.40964209
mp-781824,1.921677243
mp-776994,2.85818581
mp-780620,2.544892535
mp-755110,3.220765545
mp-766524,5.73680248
mp-985806,0.19639467
mp-771315,3.56640293
mp-761176,3.836414679
mp-776330,4.050786318
mp-775968,3.539935533
mp-770369,4.37953061
mp-760200,3.06974265
mp-780798,5.27985062
mp-25294,2.897763192
mp-781614,2.04775995
mp-775969,3.036104867
mp-753533,4.9482984
mp-554810,1.24184638
mp-571518,2.63664735
mp-773181,3.53302481
mp-1178204,4.621026228
mp-584429,4.03053596
mp-761197,3.340974915
mp-780569,1.93589359
mp-774344,3.355122725
mp-754919,4.221815974
mp-8636,-0.820992207
mp-697787,4.481275067
mp-753860,3.68331226
mp-1170,1.56280514
mp-26114,2.929544215
mp-704220,3.38313256
mp-1176883,3.640162134
mp-778822,4.289627475
mp-782636,4.306340793
mp-27024,4.727341115
mp-761156,1.95349211
mp-763567,2.51909846
mp-777477,3.523431388
mp-767146,2.007015985
mp-759472,2.88997456
mp-753126,2.58737167
mp-504269,5.707200178
mp-764448,3.43959189
mp-758623,3.826094145
mp-26796,3.63501383
mp-765511,1.447133495
mp-1177514,3.2802866
mp-540204,4.169000935
mp-761891,1.68692982
mp-772822,2.6841073
mp-756390,3.59480162
mp-697761,4.4056257
mp-1048396,5.300311743
mp-757175,2.58754385
mp-772942,4.568232726
mp-758704,4.369354585
mp-35171,1.69536491
mp-760914,2.80253123
mp-758525,4.701156085
mp-763240,3.68446795
mp-23427,-0.283144233
mp-684053,3.868949085
mp-26980,3.822595813
mp-775826,4.405947865
mp-760579,3.65414573
mp-770394,2.901890695
mp-1101222,2.985057197
mp-753646,4.58183485
mp-772428,4.024775705
mp-766401,4.71568083
mp-1390701,2.23285938
mp-714944,2.93527026
mp-772448,4.03053436
mp-849416,3.98042495
mp-754295,2.75554802
mp-755994,3.74440117
mp-760888,2.678136165
mp-1177537,4.0440456
mp-1178412,3.469576162
mp-753391,4.136372952
mp-758582,3.96221668
mp-704240,4.243417782
mp-752757,3.54664522
mp-850220,4.225349555
mp-1101199,2.781101912
mp-759373,3.930808276
mp-775437,2.84426369
mp-1176429,3.095849367
mp-26984,5.49391364
mp-31874,5.321295495
mp-753557,3.577303565
mp-760309,5.46308848
mp-758392,3.387362675
mp-767972,4.57883564
mp-759261,3.874314338
mp-775016,3.269071383
mp-757064,3.141842808
mp-754623,4.45452531
mp-753599,4.5217565
mp-697742,4.035381173
mp-755555,3.267646562
mp-778489,4.028838625
mp-760793,4.65194114
mp-26856,3.905344005
mp-775492,1.739446513
mp-849313,2.827749553
mp-1178044,2.808125967
mp-753202,4.20887869
mp-504359,2.75326788
mp-585241,4.441235861
mp-772423,5.262661523
mp-752790,4.317738
mp-1077102,-0.14675617
mp-684482,4.358021665
mp-754594,2.77603363
mp-759642,3.944967565
mp-1407236,2.472059565
mp-759960,4.68472542
mp-672966,5.27669005
mp-771199,1.666042525
mp-763241,4.75521527
mp-774297,3.385999935
mp-767157,1.915096063
mp-1222848,3.933874857
mp-772496,3.60655238
mp-753907,3.28494422
mp-771370,4.087498217
mp-753201,4.5257464
mp-759983,4.07557599
mp-763238,3.706505215
mp-758759,3.678388107
mp-32509,4.256777485
mp-775275,3.747059533
mp-755993,3.936601685
mp-753012,3.185242253
mp-763248,3.56429097
mp-705637,4.828721468
mp-1176828,3.798785265
mp-1176492,3.809944496
mp-849581,3.66058391
mp-754127,4.200158215
mp-753507,4.54240724
mp-851127,4.824621508
mp-773028,4.27378092
mp-760194,4.595002275
mp-25225,2.875278305
mp-775295,2.102376773
mp-766220,4.72253868
mp-755946,3.19804139
mp-769544,4.74083391
mp-778403,3.34092975
mp-773060,1.161302805
mp-771133,3.89084349
mp-1095481,2.028040397
mp-1009747,1.03166606
mp-757382,3.77542936
mp-770531,4.243216497
mp-760168,1.547294075
mp-775731,3.84076551
mp-759751,3.655577203
mp-775959,3.48590249
mp-775967,2.67223138
mp-759724,4.49562787
mp-1177431,3.958265015
mp-557190,3.366682987
mp-585177,3.805807393
mp-1178250,3.442929183
mp-21021,1.628170694
mp-849505,3.290318
mp-769218,2.74377688
mp-777241,4.040643115
mp-771239,5.11106968
mp-775491,2.850503407
mp-758983,3.71285639
mp-759410,3.665355725
mp-773144,3.715382198
mp-758039,4.235770035
mp-761143,2.887582983
mp-25940,4.530880748
mp-758628,4.283369614
mp-754179,4.70082542
mp-775288,2.887808093
mp-774423,3.707938438
mp-760546,2.95822427
mp-766045,2.623638248
mp-26286,4.669678428
mp-753077,2.52612387
mp-766829,3.851011224
mp-26742,3.882326155
mp-1176633,5.153158598
mp-772631,4.077499653
mp-1043728,5.090030152
mp-752536,2.855637667
mp-25201,4.1385858
mp-768482,1.46840648
mp-766454,2.104159335
mp-849471,2.576571675
mp-752886,4.68037338
mp-773167,3.94921564
mp-775008,3.473514353
mp-756207,3.744117835
mp-765139,4.5403075
mp-1177474,3.713589057
mp-756178,3.26970454
mp-769377,4.301131523
mp-850922,3.31643854
mp-758187,4.018160485
mp-758690,4.29300059
mp-1101552,5.711726373
mp-776580,3.46688723
mp-6412,1.899582995
mp-756058,3.89790131
mp-697813,5.00916872
mp-772119,3.106571176
mp-1176666,4.512399567
mp-775315,4.287393485
mp-753178,3.3550534
mp-504346,5.85535765
mp-754249,2.71466778
mp-760180,4.591225221
mp-755489,3.662672742
mp-1176473,3.803592967
mp-1041062,5.17029655
mp-760833,4.11950206
mp-774420,3.48579867
mp-774387,2.710989125
mp-689963,3.32621295
mp-705300,5.864469107
mp-766450,3.765215775
mp-774171,4.1771151
mp-1176455,3.70362369
mp-504355,5.64306877
mp-768444,4.03051875
mp-1046724,4.45050986
mp-850530,4.29203864
mp-774719,4.622395525
mp-504165,4.988230535
mp-775810,4.685261769
mp-540188,4.042797445
mp-753419,2.68362086
mp-1329713,4.920891501
mp-1177534,2.98653666
mp-768543,4.609796045
mp-25378,3.91165773
mp-764936,2.82539459
mp-1191756,4.892208027
mp-780287,4.207431135
mp-777657,3.81651784
mp-763359,4.00559639
mp-756696,3.76370158
mp-21284,-0.73643455
mp-754509,3.288322115
mp-540199,4.895451373
mp-756079,4.306481015
mp-704235,4.830990443
mp-26542,4.422547507
mp-861562,4.123668202
mp-26232,5.281162
mp-774356,4.200211905
mp-772042,1.387081265
mp-777860,6.238580078
mp-1176622,4.13792556
mp-849792,3.792950837
mp-25950,3.692711375
mp-672984,5.36150112
mp-755484,3.513442177
mp-756513,4.25821689
mp-510536,1.655018688
mp-766087,4.70454783
mp-25380,5.105061935
mp-757067,5.01369133
mp-753614,2.38638075
mp-776468,5.062579362
mp-771905,3.528282002
mp-768078,2.073322735
mp-771853,3.790238832
mp-510753,4.03830018
mp-754098,3.24427462
mp-766489,2.957389883
mp-10183,0.43871788
mp-768708,3.479732745
mp-757617,2.7425002
mp-764768,2.56677129
mp-760338,4.27283337
mp-774667,3.673145543
mp-775168,4.155176753
mp-780114,3.496249285
mp-759204,2.667897733
mp-1176384,4.881942645
mp-759618,3.814530021
mp-758908,4.37697573
mp-762834,3.595793247
mp-560642,1.64002363
mp-1205757,2.08275801
mp-770783,4.939324715
mp-779338,3.855090445
mp-761512,3.702695195
mp-752897,5.22490696
mp-1176487,3.708918001
mp-766689,3.393140375
mp-697827,4.429591153
mp-764959,4.845917995
mp-776536,3.467972722
mp-1047928,4.748126075
mp-753601,4.589949605
mp-780520,4.442584134
mp-758913,2.42049318
mp-1178251,3.4356315
mp-1178389,4.335064735
mp-761932,4.109596258
mp-777945,3.907852762
mp-754222,3.098492535
mp-772431,3.803494735
mp-684083,4.73515194
mp-771660,4.29323769
mp-752765,2.93518502
mp-779900,4.21605132
mp-705437,5.296617258
mp-866668,2.7212546
mp-764348,2.7965801
mp-754751,2.70551229
mp-19383,2.27438565
mp-849511,2.34030857
mp-1177640,4.13206212
mp-758506,1.842713415
mp-768472,4.385476153
mp-1177408,3.913115585
mp-764630,4.080568287
mp-780866,2.603936438
mp-760302,2.919769592
mp-759885,2.28722542
mp-686160,4.97271864
mp-756893,2.54941655
mp-8633,-0.407307177
mp-761188,4.4383188
mp-770865,3.855779265
mp-20361,3.404584098
mp-31950,3.94710119
mp-771308,4.37070762
mp-768940,2.85373222
mp-25317,2.72681442
mp-753567,4.17237392
mp-756455,2.709572027
mp-763729,2.74696707
mp-758727,3.69368465
mp-759723,3.028866468
mp-759802,3.868737788
mp-772512,3.059256793
mp-9027,1.92613863
mp-765624,4.994014125
mp-32055,3.604734455
mp-27064,3.052898835
mp-25279,3.165747595
mp-1221542,4.130013835
mp-776347,2.554532628
mp-765943,2.906093005
mp-761111,2.003490985
mp-766396,2.68297516
mp-26138,4.720429582
mp-1101197,3.492407715
mp-775339,3.01982744
mp-849243,3.397969945
mp-768058,3.226006575
mp-756788,3.915172597
mp-26762,3.473348365
mp-759223,3.596292219
mp-777541,3.24890659
mp-754543,3.385599389
mp-25435,0.849175603
mp-779820,4.72389293
mp-776270,3.95228779
mp-1172399,4.045683305
mp-755762,1.22561364
mp-734805,3.47899286
mp-25954,4.557801868
mp-758305,3.054918827
mp-771949,2.614382153
mp-1178157,1.941104955
mp-758752,3.786358995
mp-686110,2.12989787
mp-766050,4.090291847
mp-1176867,3.80416702
mp-761280,3.359426017
mp-756786,3.71722699
mp-756100,3.71047618
mp-762505,3.813565363
mp-770389,2.690214091
mp-766455,4.602784167
mp-757076,2.65554736
mp-754170,3.90449306
mp-763169,3.309661523
mp-1177665,2.61846529
mp-850419,2.563873755
mp-672986,4.434783215
mp-697815,5.263006107
mp-755757,2.316129245
mp-780444,4.26778776
mp-850210,2.57386137
mp-780941,4.457426365
mp-779023,3.41380969
mp-766227,1.59711289
mp-863400,4.110294118
mp-764115,3.242061684
mp-757192,2.68136142
mp-774406,4.52943625
mp-1176474,3.789156126
mp-1177582,4.72495925
mp-1101221,3.32269345
mp-773019,3.93589757
mp-849463,3.71629475
mp-752462,4.21966888
mp-761012,3.933942905
mp-32529,4.386345108
mp-771700,3.791208985
mp-33009,3.231368668
mp-684502,4.137386682
mp-26646,5.179727697
mp-672950,5.078081335
mp-867825,4.703289277
mp-780624,4.16065075
mp-778252,3.436270695
mp-760189,4.183794287
mp-849758,3.575744775
mp-772738,2.999048395
mp-757284,3.607826502
mp-25275,3.850375621
mp-755275,3.40379042
mp-25229,3.813179927
mp-1178438,5.457314685
mp-25840,2.1386806
mp-753758,3.024671353
mp-755732,4.44736835
mp-777840,2.89898449
mp-770534,2.943739355
mp-758699,3.513534803
mp-752618,1.75463983
mp-755818,2.52175067
mp-752611,3.065545873
mp-781611,2.428490422
mp-26198,4.986266475
mp-776680,4.1409191
mp-26612,3.860929497
mp-766138,4.566994255
mp-756701,2.07774214
mp-861694,4.186910824
mp-771964,1.80338383
mp-758791,3.58111473
mp-771095,4.108621143
mp-753578,4.46098381
mp-1177916,2.196325527
mp-767412,1.9136857
mp-756471,3.810328975
mp-673151,3.767474575
mp-780684,4.18145567
mp-1176649,3.995604661
mp-25906,4.93816087
mp-1101449,3.12378806
mp-774914,4.74728109
mp-758550,2.170883333
mp-867541,2.773867557
mp-761579,3.839247953
mp-753257,4.712592525
mp-764817,2.688459427
mp-694557,4.940735495
mp-504372,4.80469032
mp-756115,3.863579495
mp-1100430,-0.02652619
mp-31780,2.64599214
mp-714929,4.17013011
mp-753423,4.176801845
mp-672963,4.718817872
mp-773196,4.086103675
mp-753588,2.988995015
mp-767633,2.77363805
mp-759926,1.143725762
mp-753636,3.500379735
mp-772541,3.193046377
mp-757011,3.786258302
mp-32303,2.537401015
mp-705347,4.224387315
mp-770891,3.07617174
mp-656852,0.766939577
mp-756525,3.361378688
mp-697814,5.207363345
mp-540767,3.14856979
mp-850998,3.50627673
mp-760197,4.34632575
mp-754962,3.806033517
mp-759087,2.342856775
mp-756987,2.99918249
mp-26858,2.805043715
mp-20488,3.864809769
mp-780521,4.043726559
mp-769538,4.430978775
mp-26304,4.16215341
mp-752792,3.60144594
mp-694547,4.229983422
mp-26680,4.86137494
mp-752929,4.9007946
mp-776652,3.40361047
mp-1176481,3.84732172
mp-753904,2.24233811
mp-756640,4.5272538
mp-850978,3.31146942
mp-756575,3.97410689
mp-1907,1.2985602
mp-755704,2.83178261
mp-777716,4.008009275
mp-765027,4.775238335
mp-766008,2.8713441
mp-1177801,3.2306365
mp-753872,4.76903789
mp-760343,3.13405076
mp-583967,4.858602285
mp-756635,4.369491495
mp-758113,5.22966299
mp-758717,4.698723415
mp-27503,3.20812528
mp-25908,2.770276587
mp-761027,2.3382844
mp-758477,3.9946727
mp-752541,4.04287288
mp-1178027,3.65127155
mp-753608,3.74238457
mp-26007,4.72229987
mp-755683,3.45086847
mp-762930,3.89906934
mp-27010,4.452550772
mp-775128,3.9193071
mp-781049,2.99424462
mp-780763,2.975721145
mp-754519,3.15274679
mp-32686,3.27876887
mp-25418,1.46005694
mp-758641,4.018574225
mp-755679,3.88807076
mp-25232,3.66546239
mp-757854,4.89210738
mp-1178537,3.84639779
mp-780469,3.84973397
mp-774666,3.100241567
mp-561057,3.017756309
mp-772334,2.13619166
mp-760367,4.418310765
mp-756418,3.98111024
mp-25424,3.5104128
mp-673144,4.531091478
mp-759255,4.6761159
mp-756940,3.073331577
mp-540416,4.207239928
mp-27309,4.806939134
mp-754600,3.448757755
mp-510747,4.2415997
mp-760250,4.610020918
mp-26214,5.185840883
mp-767589,4.010880995
mp-1400837,4.638800712
mp-776208,2.931038995
mp-760060,4.456368941
mp-764379,3.19475977
mp-779609,2.791205945
mp-753212,4.34379764
mp-756353,3.05355997
mp-772482,3.288087652
mp-753628,4.35801407
mp-1101210,4.695440102
mp-755268,1.97411514
mp-705301,4.380140183
mp-767208,2.860429667
mp-755636,4.88393824
mp-776510,3.303822919
mp-764087,3.325908997
mp-776983,2.036287095
mp-763255,3.772951135
mp-753519,4.016749865
mp-767776,3.52294928
mp-757774,3.537370715
mp-768939,2.544908035
mp-755069,4.152705595
mp-759987,5.461019443
mp-774359,4.33987283
mp-759703,3.719491814
mp-754539,3.429870675
mp-767610,4.028872155
mp-754842,2.74010874
mp-763560,4.43538249
mp-752548,1.12088205
mp-758463,3.80133092
mp-704210,4.534788387
mp-540082,3.230263502
mp-757910,2.534132303
mp-754070,3.032714892
mp-554631,3.257747988
mp-772328,4.080222295
mp-766810,3.254474495
mp-756075,3.759921705
mp-756760,5.391871595
mp-773160,2.42244428
mp-760832,1.3987672
mp-1177952,4.022658465
mp-752923,3.073255735
mp-762634,1.84275854
mp-759008,4.303881045
mp-1219467,5.42510855
mp-756220,2.84008209
mp-753182,2.71054111
mp-771952,4.086845487
mp-1101191,3.902642515
mp-754178,3.82626851
mp-780573,2.75434538
mp-1101185,4.11239156
mp-763200,3.12912483
mp-753925,2.392702533
mp-775564,1.153383677
mp-1176456,3.851409625
mp-757524,3.36073476
mp-2207,1.778349365
mp-11830,0.40050096
mp-867855,2.395587765
mp-774609,0.98244013
mp-775025,3.968084268
mp-759339,2.779877616
mp-762011,3.30119277
mp-32363,6.01081639
mp-850956,3.62025325
mp-766076,3.892482068
mp-705004,5.88557731
mp-765508,2.73787174
mp-766012,4.668105545
mp-1340191,4.806656155
mp-762700,3.91785187
mp-771706,3.61511745
mp-756822,3.088125825
mp-705395,5.486767375
mp-753234,3.437881705
mp-390,1.568354175
mp-760930,2.58435745
mp-758979,2.841100723
mp-755553,4.554180098
