mp-1001,-1.069734693
mp-1001571,-0.460201919
mp-1001833,-1.852320671
mp-1002219,-1.593906999
mp-10033,2.382014751
mp-1003637,1.892165542
mp-1008488,-1.932397842
mp-1009131,1.220534205
mp-1009747,1.03166604
mp-1013526,1.715788126
mp-1013545,-1.154560089
mp-1018112,1.465470314
mp-1018126,-1.987401485
mp-10183,0.438717872
mp-10184,0.291527838
mp-1021522,2.029827595
mp-1029532,-1.715282798
mp-1029770,-2.538542271
mp-1029775,-1.419759512
mp-1029843,-2.00117445
mp-1030752,-1.112140059
mp-1038985,-1.034048676
mp-1040464,-0.918265164
mp-1040930,3.45330596
mp-1040954,4.752010822
mp-1040982,5.023880005
mp-1041062,5.170296669
mp-1041196,2.033601046
mp-1041572,4.836329937
mp-1043501,5.024529934
mp-1043728,5.090030193
mp-1044234,5.29389286
mp-1044823,2.632525682
mp-1045606,4.493568897
mp-1046704,3.820400953
mp-1046724,4.450510025
mp-1047121,3.708855867
mp-1047904,4.851894379
mp-1047920,3.561168432
mp-1047927,4.066260338
mp-1047928,4.74812603
mp-1048029,5.266623974
mp-1048335,4.392574787
mp-1048383,5.267413139
mp-1048396,5.300311565
mp-10564,-3.07232523
mp-10598,-2.710218668
mp-1062652,4.373614788
mp-10631,0.948490083
mp-1072259,-0.217982262
mp-1072865,-0.053736441
mp-1072922,0.042999055
mp-1075921,-2.056457043
mp-1076377,-0.360692203
mp-1077102,-0.146756172
mp-1077177,0.612194896
mp-1078168,2.514615059
mp-1078799,0.505042374
mp-1079088,2.232182503
mp-1079517,-1.82194519
mp-10798,0.853522122
mp-1080719,-2.57907176
mp-1087215,1.801445365
mp-1091371,0.66535759
mp-1094031,1.690188646
mp-1094054,0.531248927
mp-1094232,0.753296375
mp-1094254,-2.001178503
mp-1095302,0.60103339
mp-1095481,2.028040409
mp-1097041,1.713991165
mp-1100425,0.9451738
mp-1100430,-0.02652619
mp-1101161,4.158621788
mp-1101185,4.112391472
mp-1101186,2.778769732
mp-1101191,3.902642488
mp-1101197,3.492407799
mp-1101199,2.781101942
mp-1101210,4.695440292
mp-1101213,3.136640072
mp-1101221,3.322693348
mp-1101222,2.985057116
mp-1101227,3.435729265
mp-1101228,5.022382259
mp-1101243,2.325372458
mp-1101248,4.046680927
mp-1101258,1.99124229
mp-1101261,1.586550236
mp-1101268,5.05525732
mp-1101275,3.47233367
mp-1101280,4.015289783
mp-1101292,3.596395969
mp-1101349,3.342381239
mp-1101381,1.684936881
mp-1101449,3.123788118
mp-1101485,4.820407867
mp-1101501,5.331707954
mp-1101503,2.839493036
mp-1101509,3.821232557
mp-1101517,5.217378139
mp-1101518,2.798137188
mp-1101521,3.573509455
mp-1101522,4.463954926
mp-1101523,5.10597086
mp-1101524,4.818893909
mp-1101525,4.100929737
mp-1101552,5.711726189
mp-1101553,4.894952297
mp-1101571,4.60169363
mp-1101577,4.791894436
mp-1101585,5.014201164
mp-1101586,5.246803761
mp-1101670,4.069478512
mp-1101683,1.665343642
mp-1101729,5.010500908
mp-1102412,1.422213912
mp-1104301,2.724774599
mp-1106357,-0.587317407
mp-1106389,3.310054541
mp-1111081,1.574032784
mp-1111920,2.526637077
mp-1111923,0.875938833
mp-1111934,0.606646359
mp-1111945,-2.200866699
mp-1112632,0.858637929
mp-1112687,-0.966837943
mp-1114336,-1.621756673
mp-1120722,4.075328827
mp-1120825,3.754327774
mp-1142713,4.084753513
mp-1143521,1.883190393
mp-1147766,-0.803316712
mp-1168,0.469302833
mp-1170,1.562805176
mp-1172399,4.045683384
mp-1172917,3.449080944
mp-1173004,2.99140954
mp-1176345,2.853389263
mp-1176384,4.881942749
mp-1176412,2.492682219
mp-1176413,3.102690697
mp-1176429,3.095849276
mp-1176455,3.703623772
mp-1176456,3.851409674
mp-1176463,3.70649457
mp-1176466,3.844735146
mp-1176473,3.80359292
mp-1176474,3.789156199
mp-1176479,3.136281967
mp-1176481,3.847321749
mp-1176487,3.708918095
mp-1176492,3.809944391
mp-1176495,3.610386372
mp-1176500,3.49331069
mp-1176503,4.298232555
mp-1176526,3.733133554
mp-1176528,4.197462082
mp-1176532,4.878065586
mp-1176543,2.783152819
mp-1176556,3.463629007
mp-1176568,4.109933376
mp-1176576,3.083459854
mp-1176616,3.437501907
mp-1176622,4.137925625
mp-1176633,5.153158665
mp-1176649,3.995604753
mp-1176660,3.906189919
mp-1176666,4.512399673
mp-1176684,3.991173744
mp-1176697,4.566896915
mp-1176727,3.867133141
mp-1176746,4.824146271
mp-1176775,3.68231535
mp-1176828,3.79878521
mp-1176867,3.804167032
mp-1176883,3.64016223
mp-1176954,2.993825912
mp-1177353,2.611829042
mp-1177408,3.913115501
mp-1177431,3.958265066
mp-1177474,3.713588953
mp-1177514,3.280286551
mp-1177534,2.986536741
mp-1177537,4.044045448
mp-1177575,1.334038854
mp-1177582,4.724959373
mp-1177617,2.810045242
mp-1177640,4.132061958
mp-1177655,5.628605843
mp-1177665,2.618465185
mp-1177704,3.812288046
mp-1177706,2.571446896
mp-1177722,4.281867981
mp-1177736,4.28798008
mp-1177772,3.470364332
mp-1177775,3.28720808
mp-1177782,2.76459384
mp-1177800,2.051588774
mp-1177801,3.230636597
mp-1177851,3.737854481
mp-1177872,3.643906832
mp-1177916,2.196325541
mp-1177928,3.618636847
mp-1177952,4.022658348
mp-1178027,3.651271582
mp-1178044,2.808125973
mp-1178157,1.941105008
mp-1178189,3.311363459
mp-1178204,4.621026039
mp-1178250,3.442929268
mp-1178251,3.435631514
mp-1178254,2.701674938
mp-1178257,3.938536644
mp-1178258,4.639565468
mp-1178259,4.630670547
mp-1178313,4.973785877
mp-1178324,3.486546755
mp-1178389,4.335064888
mp-1178412,3.46957612
mp-1178424,1.742992759
mp-1178425,4.508152008
mp-1178438,5.457314491
mp-1178442,4.785600185
mp-1178444,3.677976608
mp-1178446,4.180635929
mp-1178459,4.044668198
mp-1178537,3.846397877
mp-1179236,3.017078638
mp-1181340,3.053996801
mp-1181398,3.164477587
mp-1181462,2.122931957
mp-1181747,2.692535162
mp-1182164,3.060333967
mp-1182169,1.287587523
mp-1182345,4.411898613
mp-1182404,2.744997501
mp-1182477,1.990180492
mp-1182511,3.240072489
mp-1182576,2.583775043
mp-11830,0.400500953
mp-1183269,3.169509172
mp-1184201,3.051636696
mp-1184333,-3.038698673
mp-1186034,-1.513058782
mp-1186142,-0.904111803
mp-1186480,-2.651416779
mp-1191272,-3.937406301
mp-1191756,4.892208099
mp-1192089,0.073881663
mp-1199066,0.440699667
mp-1204119,5.867182732
mp-1205757,2.08275795
mp-1206085,3.841230154
mp-1206133,-0.468310684
mp-1206883,4.813661575
mp-1207082,-0.375971764
mp-1207160,3.064696789
mp-1207222,2.612340689
mp-1207229,2.040619612
mp-1207550,-1.58186698
mp-1210261,1.441816688
mp-1210743,0.84698981
mp-1211257,1.925934196
mp-1211916,-0.133575112
mp-1211950,5.452079296
mp-1213993,1.122344136
mp-1214935,0.510526597
mp-1215343,5.587125301
mp-1215981,-1.884837151
mp-1216049,1.336838126
mp-1216329,-1.52535665
mp-1216366,3.154624224
mp-1218834,0.680506647
mp-1218875,-1.020519137
mp-1219467,5.425108433
mp-1219632,0.323800236
mp-1219645,0.828707099
mp-1220432,-1.727895617
mp-1221542,4.130013943
mp-1221593,3.10098815
mp-1221693,4.327686787
mp-1221901,1.581133485
mp-1221979,0.818194807
mp-1222351,6.283180237
mp-1222446,3.726720333
mp-1222532,4.661639214
mp-1222682,2.308593512
mp-1222737,3.685880899
mp-1222848,3.933874846
mp-1222991,3.938905954
mp-1223174,3.844358444
mp-1223568,0.229412228
mp-1223842,1.073176265
mp-1224101,-2.01624012
mp-1224306,-2.663378239
mp-1224400,0.071405932
mp-1224929,1.130865455
mp-1225001,0.689253628
mp-1225007,-0.244674787
mp-1225059,3.409027338
mp-1226264,2.371873617
mp-1226469,0.40243724
mp-1227260,1.111737132
mp-1227567,1.015804768
mp-1227733,-2.267270327
mp-1227836,3.690894842
mp-1227910,-0.030631037
mp-1227955,-0.930020571
mp-1228948,0.273727387
mp-1228998,-0.498806417
mp-1229,2.565547466
mp-12368,1.902432561
mp-1245417,-0.671004474
mp-1245840,-1.203358054
mp-1245897,-0.600013256
mp-1246245,-1.225219011
mp-1246731,-0.963582933
mp-1246735,-1.474327326
mp-1247199,-1.463323712
mp-1247450,-1.446879148
mp-1247465,-1.807429194
mp-1247530,-1.418439031
mp-1252,-4.774466038
mp-1253019,4.781831741
mp-12564,1.189083219
mp-1271282,4.470033646
mp-1271286,3.974934101
mp-1271850,3.070467472
mp-1275937,3.974834919
mp-1276430,2.110682011
mp-1277718,2.129274368
mp-1278982,-0.08645381
mp-12906,-1.455869555
mp-12920,-1.664740443
mp-1326425,3.201169252
mp-1329713,4.920891285
mp-1340191,4.806656361
mp-1341686,4.565053463
mp-1350503,4.120713711
mp-1356526,5.072958946
mp-1364316,3.274833202
mp-13852,-0.938289344
mp-1385977,6.927182674
mp-1386044,1.900949359
mp-1389152,3.815163612
mp-1390701,2.232859373
mp-1400837,4.638800621
mp-1404610,2.021220922
mp-1405126,1.855348587
mp-1407236,2.472059488
mp-1407587,4.560966492
mp-14116,-4.963786602
mp-1429856,3.308301687
mp-1443203,4.807860374
mp-1444811,1.828490138
mp-14653,4.513139725
mp-1538990,4.334895134
mp-1542604,-0.498806417
mp-1542973,4.432262897
mp-1639208,1.990716219
mp-1639816,2.0165236
mp-1641562,3.524352312
mp-1643959,3.952787161
mp-1707,-1.41418004
mp-17242,1.426262259
mp-17908,-0.048223399
mp-1802603,4.249307632
mp-1840,1.265109658
mp-18640,1.53768611
mp-18687,2.277757168
mp-18724,-0.226748779
mp-18749,2.227184296
mp-18753,0.24259001
mp-18817,0.830817282
mp-18835,2.249278069
mp-18989,-0.395093322
mp-19046,1.727984786
mp-1907,1.298560143
mp-19087,-0.650497973
mp-19102,-0.511352539
mp-19116,-1.032723069
mp-19155,1.953615427
mp-19292,0.542536259
mp-19310,1.04301846
mp-19326,3.531481743
mp-19379,1.025330305
mp-19380,1.626689434
mp-19383,2.274385691
mp-19384,0.91844368
mp-19395,3.406605721
mp-19799,2.283254385
mp-20012,-1.974584818
mp-20021,-0.013071785
mp-20299,0.377663761
mp-20361,3.404584169
mp-20461,0.459793627
mp-20488,3.864809752
mp-2049,-4.346159458
mp-20701,0.791894138
mp-20991,0.364234507
mp-21021,1.628170729
mp-21280,-1.112984896
mp-21284,-0.736434579
mp-2131,-0.940835118
mp-2156,2.092550993
mp-2164,1.944494128
mp-2175,-1.169448018
mp-21779,-1.562080264
mp-2194,1.567064643
mp-2207,1.7783494
mp-22098,0.189735517
mp-22102,1.05537498
mp-22136,0.746310651
mp-22139,0.623856425
mp-22171,1.226419687
mp-22230,0.446881562
mp-223,0.604688704
mp-22398,3.373306274
mp-22516,1.000483632
mp-22981,0.316120595
mp-23206,-0.775139451
mp-23427,-0.283144236
mp-23438,-0.010432787
mp-23474,1.140579581
mp-25201,4.138585567
mp-25202,2.585235357
mp-25205,3.946802616
mp-25207,3.738804579
mp-25210,4.149945736
mp-25214,3.346991062
mp-25223,3.182025671
mp-25225,2.875278234
mp-25229,3.81317997
mp-25232,3.665462494
mp-25234,4.094056129
mp-25236,4.545132637
mp-25238,4.483728409
mp-25239,3.300018549
mp-25240,4.976141453
mp-25257,3.673454762
mp-25262,2.947222471
mp-25268,4.515949726
mp-25275,3.850375652
mp-25279,3.165747643
mp-25280,3.103616953
mp-25288,3.479825735
mp-25294,2.897763252
mp-25301,1.584287882
mp-25303,3.317357302
mp-25305,1.152759075
mp-25317,2.726814508
mp-25332,4.127197266
mp-25378,3.91165781
mp-25380,5.105062008
mp-25382,4.274130821
mp-25418,1.460056901
mp-25424,3.510412693
mp-25426,3.572378159
mp-25428,4.40636301
mp-25433,1.900274038
mp-25435,0.849175632
mp-25436,1.995568633
mp-25466,4.571032047
mp-25830,4.209298611
mp-25840,2.138680696
mp-25850,4.366451263
mp-25878,4.105201244
mp-25884,4.478260994
mp-25886,4.437153339
mp-25896,4.580992222
mp-25898,4.923754215
mp-25906,4.938160896
mp-25908,2.770276546
mp-25932,3.379117727
mp-25940,4.530880928
mp-25946,3.3969028
mp-25950,3.692711353
mp-25954,4.557801723
mp-25960,5.533151627
mp-25974,3.363391638
mp-26007,4.722300053
mp-26062,4.756025791
mp-26066,4.913832664
mp-26074,4.64991045
mp-26088,4.75557518
mp-26104,4.246266365
mp-26110,2.455004692
mp-26114,2.92954421
mp-26116,3.211639166
mp-26138,4.72042942
mp-26150,5.05298233
mp-26172,4.153211117
mp-26190,5.250217915
mp-26198,4.986266613
mp-26210,4.831782818
mp-26214,5.185841084
mp-26218,2.790377378
mp-26224,4.472373486
mp-26232,5.281161785
mp-26252,3.867918491
mp-26262,4.674425602
mp-26286,4.669678211
mp-26304,4.162153244
mp-26316,4.964986801
mp-26342,3.948389292
mp-26388,4.824243069
mp-26390,1.639416099
mp-26406,4.148581982
mp-26412,5.132882118
mp-26432,5.709712029
mp-26438,4.82883215
mp-26446,3.943931103
mp-26450,5.112107754
mp-26458,4.688353062
mp-26460,4.751078606
mp-26489,0.405201554
mp-26532,4.594553471
mp-26542,4.42254734
mp-26566,5.052201271
mp-2657,1.022204638
mp-26574,5.250353336
mp-26586,3.596995354
mp-26594,4.553676605
mp-26612,3.860929489
mp-26616,3.253141165
mp-26630,1.932330728
mp-26632,4.477009296
mp-26639,4.483444691
mp-26644,3.979995251
mp-26646,5.179727554
mp-26662,5.00736618
mp-26680,4.861374855
mp-26692,4.976910591
mp-26716,5.228489876
mp-26724,5.418402195
mp-26734,2.276629448
mp-26742,3.882326126
mp-26762,3.473348379
mp-26778,5.236832619
mp-26780,3.780637026
mp-26792,3.32282424
mp-26794,4.159822464
mp-26796,3.635013819
mp-26840,2.256254435
mp-26842,2.834550619
mp-26856,3.905344009
mp-26858,2.805043697
mp-26902,4.625299454
mp-26940,3.902309179
mp-26950,4.160157681
mp-26974,3.407390118
mp-26980,3.822595835
mp-26981,3.649223328
mp-26984,5.493913651
mp-26986,3.611220598
mp-26996,5.179208755
mp-26998,6.188127995
mp-27008,3.7588377
mp-27010,4.452550888
mp-27016,3.749806166
mp-27024,4.727341175
mp-27032,3.379245043
mp-27044,5.249626637
mp-27046,3.9026196
mp-27048,3.310640097
mp-2706,1.121478558
mp-27064,3.052898884
mp-27094,2.356906652
mp-27100,4.693817139
mp-27102,5.144811153
mp-27230,0.067845106
mp-27254,0.942271471
mp-27309,4.806939125
mp-27336,2.096771479
mp-27356,0.601742089
mp-27359,-1.381579518
mp-27474,0.612140715
mp-27503,3.208125353
mp-27664,2.166896343
mp-27712,1.888316274
mp-27743,5.534749985
mp-2781,-5.885454655
mp-27826,2.367260218
mp-27828,1.274968863
mp-27850,1.333023667
mp-27916,-1.022053361
mp-27948,0.6285218
mp-27980,1.783887625
mp-28000,2.325185061
mp-28073,1.966824532
mp-28269,2.743209362
mp-28291,0.397404611
mp-28483,2.455451012
mp-28487,0.284759134
mp-28698,0.239053011
mp-28850,0.704182684
mp-28883,0.826806843
mp-28965,5.20309639
mp-29048,-0.898084641
mp-29104,1.661116958
mp-29973,-0.626601517
mp-30437,-0.917610943
mp-30613,-0.093122691
mp-31237,3.878236294
mp-31250,-0.721664906
mp-31257,1.802555799
mp-31554,4.716231346
mp-31572,5.390471935
mp-31746,2.751102448
mp-31780,2.645992041
mp-31874,5.321295261
mp-3188,0.99772656
mp-31950,3.947101116
mp-31954,3.762422562
mp-32018,5.396486759
mp-32023,4.511739254
mp-32055,3.604734421
mp-3228,0.175088301
mp-32303,2.537400961
mp-32334,5.378050327
mp-32363,6.010816574
mp-32393,5.518434525
mp-32465,3.759980202
mp-32509,4.256777287
mp-32529,4.38634491
mp-32686,3.278768778
mp-33009,3.23136878
mp-33618,-0.538701594
mp-35015,-0.693127155
mp-35171,1.695364952
mp-3530,5.00174284
mp-35644,-1.095478415
mp-35659,3.965241194
mp-35925,3.009766579
mp-3638,2.278240681
mp-37036,0.53439635
mp-37216,3.161136866
mp-37307,1.432355642
mp-37399,0.162446484
mp-38487,1.847944021
mp-390,1.56835413
mp-3980,1.832289457
mp-4266,1.615599275
mp-4701,2.733465672
mp-504097,4.461874962
mp-504098,4.29657793
mp-504100,4.515675068
mp-504117,5.048515797
mp-504142,4.666143417
mp-504149,2.964264393
mp-504165,4.988230705
mp-504196,3.358635426
mp-504259,4.358801842
mp-504265,4.102322102
mp-504269,5.70720005
mp-504276,3.213570833
mp-504291,4.894138813
mp-504304,3.215932369
mp-504324,5.018669128
mp-504336,2.324694395
mp-504341,4.449740887
mp-504346,5.855357647
mp-504348,4.057132244
mp-504350,4.25923872
mp-504355,5.64306879
mp-504359,2.753267765
mp-504372,4.804690361
mp-504406,5.221395969
mp-504414,3.049782753
mp-504722,1.41392374
mp-504759,2.482308388
mp-505090,0.689813077
mp-505436,2.049982071
mp-510421,2.847559929
mp-510536,1.655018687
mp-510746,8.718341827
mp-510747,4.24159956
mp-510751,3.084424019
mp-510752,3.01296854
mp-510753,4.038300037
mp-530480,1.182428837
mp-5311,-5.108922005
mp-540013,4.733820438
mp-540042,4.541800499
mp-540050,3.022966146
mp-540064,4.5345397
mp-540082,3.230263472
mp-540093,4.236416817
mp-540111,3.212525845
mp-540133,4.258955956
mp-540138,3.324364901
mp-540145,5.400743961
mp-540146,4.098596573
mp-540169,5.26389122
mp-540188,4.042797565
mp-540199,4.895451546
mp-540204,4.169001102
mp-540256,4.903585911
mp-540258,3.217444897
mp-540262,4.773315907
mp-540296,3.175583839
mp-540363,3.326372385
mp-540379,3.885052919
mp-540391,4.208664894
mp-540395,3.793601751
mp-540414,4.222187996
mp-540416,4.207240105
mp-540420,5.475855827
mp-540439,4.342986584
mp-540440,5.373015881
mp-540496,5.119718075
mp-540767,3.148569822
mp-540828,2.441724062
mp-540894,3.579695225
mp-541067,1.039668322
mp-541103,5.667947769
mp-541668,2.959132433
mp-542614,-4.088130951
mp-545783,-1.067394018
mp-545796,4.716041088
mp-5468,-1.972557068
mp-551407,1.17157042
mp-553997,2.942826509
mp-554109,1.628491044
mp-554123,2.496789217
mp-554278,1.161941648
mp-554304,0.169075534
mp-554310,-0.015530537
mp-554631,3.257747889
mp-554701,3.203201294
mp-554799,4.27210331
mp-554810,1.241846323
mp-554855,5.316766262
mp-5549,0.303725779
mp-554917,2.288637638
mp-555003,3.601490021
mp-555052,4.20710516
mp-555112,4.615875721
mp-555354,2.502494812
mp-555908,1.241135597
mp-555920,1.436647534
mp-556540,2.255444765
mp-556560,4.040647507
mp-556603,3.296751261
mp-556822,2.097720385
mp-557190,3.366683006
mp-558004,1.991646051
mp-558049,2.662595987
mp-558418,3.342047453
mp-558796,1.166433573
mp-558836,2.254093647
mp-558864,2.329563856
mp-558956,1.884593368
mp-559279,2.978459835
mp-559288,-1.138429284
mp-559435,3.967144966
mp-559473,3.895775795
mp-559537,-2.965890408
mp-559798,1.602801681
mp-559869,2.105015039
mp-559931,2.366747856
mp-560023,2.576524734
mp-560165,0.007327743
mp-560338,0.995994329
mp-560642,1.640023589
mp-560888,2.428563356
mp-561006,1.31767261
mp-561057,3.017756224
mp-561349,1.41110146
mp-561428,5.977201939
mp-561894,-0.346833587
mp-562965,0.462549537
mp-567597,0.797079802
mp-568448,2.0268538
mp-568488,1.242117643
mp-568616,1.177253366
mp-568806,0.192474604
mp-569582,-1.751771808
mp-570170,1.568041563
mp-570213,-0.080543831
mp-570990,2.21424365
mp-571281,-3.175232649
mp-571518,2.636647463
mp-5724,-1.481431484
mp-573471,-0.36601004
mp-573523,-1.704383612
mp-574369,-1.472385645
mp-583836,3.403307915
mp-583967,4.858602047
mp-584116,4.730343819
mp-584339,4.784179688
mp-584429,4.030536175
mp-584637,2.247872829
mp-584727,5.823266029
mp-585038,5.217481136
mp-585177,3.805807352
mp-585184,3.028032064
mp-585202,4.424947739
mp-585241,4.441236019
mp-585266,4.230576992
mp-585323,4.034909725
mp-585338,3.063052654
mp-585339,4.371143341
mp-611316,1.989615321
mp-614565,4.576077938
mp-623511,0.534255207
mp-6412,1.899582982
mp-644514,3.622817993
mp-6488,0.902978122
mp-656852,0.76693958
mp-656884,4.198750973
mp-656887,3.362569571
mp-6628,0.399003476
mp-672945,5.335410118
mp-672950,5.078081131
mp-672963,4.718817711
mp-672966,5.276690006
mp-672981,4.801789284
mp-672984,5.361501217
mp-672986,4.434782982
mp-672993,5.361263275
mp-673017,4.764640331
mp-673020,5.24272728
mp-673029,3.47657609
mp-673047,4.582780361
mp-673069,4.687315464
mp-673070,2.585802555
mp-673105,4.182299137
mp-673116,5.332222939
mp-673117,4.569277287
mp-673128,3.777545452
mp-673144,4.53109169
mp-673151,3.767474651
mp-675132,-0.870548904
mp-675140,1.640572071
mp-675531,0.416335702
mp-675953,0.943913102
mp-676400,0.526850104
mp-684053,3.868949175
mp-684059,3.766661882
mp-684083,4.735151768
mp-684096,5.229434967
mp-684120,4.59694767
mp-684426,5.040657997
mp-684482,4.358021736
mp-684495,5.588859081
mp-684496,4.825154305
mp-684502,4.137386799
mp-684508,3.228457451
mp-684534,2.475142241
mp-685150,-0.439245045
mp-686110,2.129897833
mp-686160,4.972718716
mp-687229,5.769686222
mp-689834,5.458640575
mp-689925,2.638736725
mp-689929,3.832954168
mp-689940,4.20152092
mp-689943,4.475622177
mp-689963,3.326212883
mp-689964,5.445463657
mp-689967,4.797641277
mp-689981,2.197014332
mp-690004,5.289511204
mp-690014,4.919655323
mp-690539,3.106803417
mp-694,1.340655208
mp-694541,3.115360975
mp-694547,4.22998333
mp-694557,4.94073534
mp-6949,0.718942106
mp-695808,6.034119606
mp-696012,5.583028316
mp-697730,4.822989464
mp-697733,4.101128101
mp-697734,5.73020792
mp-697742,4.035381317
mp-697761,4.40562582
mp-697774,4.626815796
mp-697787,4.481275082
mp-697789,4.192007542
mp-697806,5.141478062
mp-697813,5.009168625
mp-697814,5.207363129
mp-697815,5.26300621
mp-697819,4.411900997
mp-697827,4.429591179
mp-699352,4.761582375
mp-704185,4.286542416
mp-704189,3.925911665
mp-704210,4.534788609
mp-704220,3.383132458
mp-704226,4.241661549
mp-704235,4.830990314
mp-704240,4.24341774
mp-704299,3.278520584
mp-704492,4.355601311
mp-704959,4.84714365
mp-704988,5.38478756
mp-705004,5.885577202
mp-705008,4.917457581
mp-705019,5.425351143
mp-705024,3.96772027
mp-705031,4.930101871
mp-705035,4.16280508
mp-705201,3.285270214
mp-705300,5.864469051
mp-705301,4.380140305
mp-705347,4.224387169
mp-705354,4.096915722
mp-705358,3.367383003
mp-705372,5.348609447
mp-705373,5.066046715
mp-705379,4.098927975
mp-705395,5.486767292
mp-705433,5.126849651
mp-705436,5.019597054
mp-705437,5.296617031
mp-705467,4.360543251
mp-705562,3.624975443
mp-705637,4.828721523
mp-706469,4.249701977
mp-714883,2.41433835
mp-714904,4.219683647
mp-714929,4.170130253
mp-714944,2.935270309
mp-714960,3.564472675
mp-714969,3.1437397
mp-715479,3.859520435
mp-715566,2.832351923
mp-729135,5.014924049
mp-734805,3.478992939
mp-752462,4.219668865
mp-752498,3.457776546
mp-752512,1.624458432
mp-752519,2.721643925
mp-752522,4.233787537
mp-752523,3.665892839
mp-752530,3.946831942
mp-752536,2.85563755
mp-752541,4.042872906
mp-752548,1.120882034
mp-752551,2.660693884
mp-752557,3.864587545
mp-752567,3.587166071
mp-752591,3.64956522
mp-752600,4.569177151
mp-752604,3.962541103
mp-752611,3.065545797
mp-752616,4.267719269
mp-752618,1.754639864
mp-752633,3.900970459
mp-752640,2.627686977
mp-752675,-2.271925449
mp-752687,2.343103409
mp-752705,2.912214041
mp-752714,5.232439995
mp-752737,3.050801754
mp-752738,4.713431835
mp-752751,4.532558441
mp-752756,2.973424435
mp-752757,3.546645164
mp-752759,3.891862869
mp-752765,2.935184956
mp-752772,3.855470419
mp-752776,2.989518404
mp-752786,3.596259832
mp-752790,4.317738056
mp-752792,3.601445913
mp-752802,4.933686733
mp-752815,4.033372402
mp-752824,4.001693726
mp-752830,2.5956285
mp-752842,3.296925068
mp-752854,3.566463947
mp-752857,4.565187454
mp-752866,3.421838999
mp-752886,4.680373192
mp-752887,4.188573837
mp-752896,3.195909739
mp-752897,5.224906921
mp-752903,2.89309144
mp-752907,4.531284809
mp-752912,4.855922222
mp-752923,3.073255777
mp-752929,4.900794506
mp-752936,4.536227703
mp-752945,4.070093155
mp-752964,3.735097647
mp-752971,1.271034241
mp-752980,3.422819853
mp-752981,4.105325222
mp-752989,0.538864613
mp-752997,2.450538158
mp-753012,3.185242176
mp-753013,3.845511436
mp-753014,3.660484791
mp-753016,2.987782717
mp-753029,3.290229082
mp-753030,4.138057232
mp-753031,4.085578442
mp-753036,3.104237556
mp-753037,3.628776312
mp-753052,3.293894053
mp-753061,3.722264051
mp-753075,1.864544511
mp-753077,2.526123762
mp-753096,3.945887089
mp-753112,2.983152866
mp-753116,3.772975922
mp-753126,2.587371588
mp-753127,1.579527259
mp-753136,2.665993452
mp-753158,3.511942863
mp-753168,2.584381342
mp-753169,4.306837082
mp-753178,3.355053425
mp-753182,2.71054101
mp-753185,3.86819911
mp-753186,2.631179333
mp-753201,4.525746346
mp-753202,4.208878517
mp-753211,1.807240486
mp-753212,4.343797684
mp-753215,4.337173939
mp-753225,2.563664198
mp-753234,3.437881708
mp-753236,2.138607264
mp-753240,2.409285307
mp-753244,4.968621254
mp-753247,5.242283344
mp-753251,3.253303289
mp-753257,4.712592602
mp-753266,4.432258129
mp-753284,4.823064804
mp-753350,4.150812626
mp-753351,-1.36729753
mp-753357,1.133742571
mp-753362,2.827961683
mp-753370,4.024399281
mp-753373,2.111611843
mp-753391,4.136373043
mp-753419,2.68362093
mp-753423,4.176801682
mp-753432,2.735218048
mp-753434,5.886244774
mp-753435,5.501666546
mp-753440,3.336802244
mp-753449,4.327161789
mp-753469,4.02219677
mp-753471,1.650990486
mp-753474,4.729474068
mp-753483,4.389400959
mp-753485,4.077132702
mp-753496,2.905811071
mp-753507,4.542407036
mp-753509,2.851502657
mp-753517,2.446332455
mp-753519,4.016749859
mp-753525,4.024694443
mp-753531,1.975019455
mp-753533,4.948298454
mp-753542,3.246119499
mp-753543,2.610076427
mp-753550,2.232260466
mp-753551,3.959896564
mp-753557,3.577303648
mp-753567,4.172373772
mp-753574,4.388381958
mp-753576,3.220726252
mp-753578,4.460983753
mp-753588,2.988995075
mp-753596,4.697872162
mp-753599,4.521756649
mp-753600,-0.41007784
mp-753601,4.589949608
mp-753604,4.257845879
mp-753606,4.172468185
mp-753607,3.931049585
mp-753608,3.742384672
mp-753614,2.386380672
mp-753628,4.358014107
mp-753636,3.500379801
mp-753646,4.581834793
mp-753655,3.301440001
mp-753658,1.643651366
mp-753694,4.275919914
mp-753696,4.440176964
mp-753706,3.721370459
mp-753734,3.417326927
mp-753740,2.298569918
mp-753756,3.073173523
mp-753758,3.024671316
mp-753759,4.078869343
mp-753784,4.63586998
mp-753787,3.567516088
mp-753788,5.181092262
mp-753789,3.69288969
mp-753796,3.070316792
mp-753805,3.550213337
mp-753839,4.24966383
mp-753855,4.534913063
mp-753857,4.542434216
mp-753860,3.683312178
mp-753867,5.100653648
mp-753872,4.769037724
mp-753886,2.946118355
mp-753895,4.569509506
mp-753897,2.562469959
mp-753904,2.242338181
mp-753907,3.284944296
mp-753921,2.849582434
mp-753925,2.392702579
mp-753949,2.473339796
mp-753959,3.063597679
mp-753965,4.375956535
mp-753998,3.771286249
mp-753999,2.693898916
mp-754012,4.269990444
mp-754014,3.627713442
mp-754020,3.630536318
mp-754024,2.760010958
mp-754026,4.276848793
mp-754033,4.562982559
mp-754070,3.032714844
mp-754098,3.244274616
mp-754123,1.762727618
mp-754127,4.200158119
mp-754132,2.799764633
mp-754156,3.529696703
mp-754167,3.799086094
mp-754170,3.904493093
mp-754178,3.826268435
mp-754179,4.700825214
mp-754200,2.838869572
mp-754222,3.098492622
mp-754223,3.41561079
mp-754249,2.714667797
mp-754254,4.27012682
mp-754261,3.138960361
mp-754270,3.376120806
mp-754295,2.755548
mp-754310,7.018727303
mp-754313,3.492560863
mp-754339,3.173819065
mp-754350,1.628073931
mp-754356,3.424012184
mp-754425,3.903664351
mp-754430,3.385588646
mp-754446,4.919057846
mp-754451,3.106435061
mp-754461,2.939758062
mp-754509,3.28832221
mp-754519,3.152746677
mp-754539,3.429870605
mp-754543,3.385599375
mp-754558,4.176536083
mp-754593,3.440850735
mp-754594,2.77603364
mp-754600,3.448757648
mp-754609,3.008787394
mp-754623,4.454525471
mp-754639,3.079413652
mp-754643,3.497401237
mp-754644,4.144086838
mp-754649,4.279335022
mp-754681,3.365602732
mp-754705,3.335740328
mp-754712,0.788927615
mp-754748,3.973985434
mp-754751,2.705512285
mp-754754,0.905842423
mp-754767,2.029783964
mp-754773,3.753896475
mp-754797,4.662542343
mp-754799,2.777584553
mp-754804,1.157908678
mp-754836,1.907974601
mp-754842,2.740108728
mp-754863,2.552758932
mp-754874,4.724806309
mp-754900,3.065606356
mp-754917,3.017551184
mp-754919,4.221816063
mp-754928,-0.062016536
mp-754939,3.89798665
mp-754948,3.155833721
mp-754951,3.736927032
mp-754962,3.806033611
mp-754963,3.398115158
mp-755017,2.737513542
mp-755058,1.607437968
mp-755067,2.139247179
mp-755069,4.152705669
mp-755075,3.907904148
mp-755110,3.220765591
mp-755124,3.820662022
mp-755148,3.098742485
mp-755163,2.503552914
mp-755181,3.418021917
mp-755191,4.065946102
mp-755211,3.415297031
mp-755215,4.242925167
mp-755220,3.50501442
mp-755227,4.673346519
mp-755229,2.94428134
mp-755263,2.380758286
mp-755266,1.92658937
mp-755268,1.974115133
mp-755275,3.403790474
mp-755276,3.294677496
mp-755299,2.177641153
mp-755301,2.325842142
mp-755307,3.575451374
mp-755351,4.111856937
mp-755377,4.666802883
mp-755384,1.446538329
mp-755394,2.856459856
mp-755402,2.630051613
mp-755425,3.69777751
mp-755442,2.983170033
mp-755484,3.513442278
mp-755489,3.662672758
mp-755508,3.98190999
mp-755517,2.028109789
mp-755529,2.810629845
mp-755553,4.554180145
mp-755555,3.267646551
mp-755560,2.311662197
mp-755561,3.695027113
mp-755571,2.857784748
mp-755596,2.509841442
mp-755620,3.385128498
mp-755636,4.883938313
mp-755640,3.452787161
mp-755645,3.732096195
mp-755679,3.888070822
mp-755683,3.450868368
mp-755704,2.831782579
mp-755715,2.376302958
mp-755719,3.359523535
mp-755732,4.447368145
mp-755748,2.242955923
mp-755757,2.316129208
mp-755762,1.225613594
mp-755814,2.085364103
mp-755818,2.521750689
mp-755853,3.190193176
mp-755871,2.004497766
mp-755872,2.672074556
mp-755875,0.879198492
mp-755884,3.371772289
mp-755888,3.497844219
mp-755906,3.355907917
mp-755934,2.077382088
mp-755946,3.198041439
mp-755961,3.409641981
mp-755965,2.088139057
mp-755979,3.347738504
mp-755993,3.936601639
mp-755994,3.744401217
mp-755995,2.438308954
mp-756019,4.496544361
mp-756028,1.860566735
mp-756043,4.763960361
mp-756058,3.897901297
mp-756060,2.985660553
mp-756075,3.759921789
mp-756079,4.306480885
mp-756087,2.559898138
mp-756094,1.031517386
mp-756099,3.216487646
mp-756100,3.71047616
mp-756110,4.035525799
mp-756115,3.863579512
mp-756126,2.443622112
mp-756128,3.620548964
mp-756145,2.516206264
mp-756167,2.708201408
mp-756173,1.401617885
mp-756174,3.334533453
mp-756178,3.26970458
mp-756184,3.422388077
mp-756191,3.383390665
mp-756207,3.744117737
mp-756218,2.359801292
mp-756220,2.840082169
mp-756247,2.239487648
mp-756257,3.768382072
mp-756275,1.037446976
mp-756285,2.966611147
mp-756291,3.173598528
mp-756295,3.335123301
mp-756311,1.975524426
mp-756329,3.870205641
mp-756349,3.929909706
mp-756353,3.053560019
mp-756357,3.172097921
mp-756366,3.219790459
mp-756384,4.360310555
mp-756390,3.594801664
mp-756391,4.060307026
mp-756398,3.145067215
mp-756413,4.351133347
mp-756418,3.981110334
mp-756435,2.353449821
mp-756438,4.173690796
mp-756447,3.245359421
mp-756455,2.709572077
mp-756463,3.122332573
mp-756471,3.81032896
mp-756478,2.484952688
mp-756482,4.077343464
mp-756483,2.597148657
mp-756488,4.460147381
mp-756496,3.512911558
mp-756506,2.334606409
mp-756513,4.258216858
mp-756523,3.477058887
mp-756525,3.36137867
mp-756529,4.052998543
mp-756534,3.150229454
mp-756535,3.282813311
mp-756542,3.727771044
mp-756552,3.550387859
mp-756555,3.906869888
mp-756562,4.241679192
mp-756573,3.472644329
mp-756575,3.974106789
mp-756587,2.098581314
mp-756589,3.718501091
mp-756594,3.618830442
mp-756609,3.507760286
mp-756615,3.533710241
mp-756635,4.369491577
mp-756640,4.527253628
mp-756662,4.503076077
mp-756668,1.63354373
mp-756696,3.763701677
mp-756701,2.0777421
mp-756710,4.580002308
mp-756726,3.200455904
mp-756736,3.985738754
mp-756754,3.798156977
mp-756760,5.391871452
mp-756766,3.423127651
mp-756780,3.799140215
mp-756786,3.717226982
mp-756788,3.915172577
mp-756793,1.782303095
mp-756797,3.366042376
mp-756808,3.457669735
mp-756822,3.088125944
mp-756830,3.654185534
mp-756833,3.973968029
mp-756838,3.942239761
mp-756854,2.150472641
mp-756860,3.351493359
mp-756893,2.549416542
mp-756899,3.619411945
mp-7569,1.629997253
mp-756900,3.589259386
mp-756902,2.488632441
mp-756920,3.680159807
mp-756938,4.102685452
mp-756940,3.073331594
mp-756941,3.907885551
mp-756950,3.787754774
mp-756952,4.574910164
mp-756965,3.892084122
mp-756967,2.919876814
mp-756984,3.173391104
mp-756987,2.999182463
mp-757008,2.319186211
mp-757011,3.786258221
mp-757022,3.507160902
mp-757029,3.958925962
mp-757039,4.38915062
mp-757044,4.585862637
mp-757045,3.320472956
mp-757049,3.695400238
mp-757051,2.516187668
mp-757052,2.401059866
mp-757057,3.662956238
mp-757058,5.581676006
mp-757059,4.340131283
mp-757060,3.247071981
mp-757061,3.281644821
mp-757064,3.141842842
mp-757065,3.637592554
mp-757067,5.013691425
mp-757069,2.871396065
mp-757076,2.65554738
mp-757122,3.348130226
mp-757128,5.046236038
mp-757131,2.960717916
mp-757151,5.034160614
mp-757155,2.736426353
mp-757156,3.097801924
mp-757163,4.624720573
mp-757175,2.587543964
mp-757180,3.918390751
mp-757186,4.609016418
mp-757191,3.074790955
mp-757192,2.681361437
mp-757234,4.264393806
mp-757245,2.994666576
mp-757284,3.607826471
mp-757287,3.68800211
mp-757302,3.291747808
mp-757306,4.387039661
mp-757357,3.125945807
mp-757363,3.622577667
mp-757374,2.327144384
mp-757382,3.775429249
mp-757397,2.818626642
mp-757410,4.099743366
mp-757412,3.931430101
mp-757440,5.314768314
mp-757467,3.207240105
mp-757479,3.906680822
mp-757489,2.800846815
mp-757495,3.25681138
mp-757499,4.20227766
mp-757524,3.360734701
mp-757617,2.742500305
mp-757641,2.658729076
mp-757774,3.537370682
mp-757790,2.75266099
mp-757854,4.892107487
mp-757859,4.446014881
mp-757861,4.412302971
mp-757879,4.301086903
mp-757881,4.118734837
mp-757903,3.947743654
mp-757910,2.534132242
mp-757932,3.250420332
mp-757949,2.971826553
mp-757950,3.624186039
mp-757965,3.369312763
mp-757983,3.864078522
mp-757998,4.216406345
mp-758012,4.887748241
mp-758020,3.297501564
mp-758039,4.235770226
mp-758047,4.818861961
mp-758060,2.979473114
mp-758095,3.522152424
mp-758113,5.229662895
mp-758117,2.780188084
mp-758121,3.347057819
mp-758123,4.044678211
mp-758187,4.018160343
mp-758197,5.055946827
mp-758214,4.280474663
mp-758228,4.62076664
mp-758232,4.994524002
mp-758244,3.45121336
mp-758265,4.286645412
mp-758273,3.366678476
mp-758293,3.979607105
mp-758305,3.054918766
mp-758326,3.735767126
mp-758340,2.964518785
mp-758380,3.941371679
mp-758383,3.054330349
mp-758388,3.512754917
mp-758389,3.132172108
mp-758392,3.387362719
mp-758407,4.762941837
mp-758436,1.817714572
mp-758437,3.630911827
mp-758446,3.566640854
mp-758463,3.801330805
mp-758469,3.912871361
mp-758477,3.994672775
mp-758491,4.16476965
mp-758499,2.679478407
mp-758506,1.842713356
mp-758525,4.701156139
mp-758530,3.264075756
mp-758545,2.998487473
mp-758550,2.170883417
mp-758559,4.577441216
mp-758564,3.521466732
mp-758574,2.757918119
mp-758582,3.962216616
mp-758590,3.592998981
mp-758593,3.705049515
mp-758601,4.566059113
mp-758608,2.808828354
mp-758621,3.589030266
mp-758622,2.843574047
mp-758623,3.826094151
mp-758628,4.283369541
mp-758641,4.018574238
mp-758647,2.793847561
mp-758650,3.662579536
mp-758663,3.698702574
mp-758665,2.602152109
mp-758668,4.812341213
mp-758669,2.994768858
mp-758676,3.80397892
mp-758679,1.665459991
mp-758690,4.293000698
mp-758699,3.513534784
mp-758703,3.871642113
mp-758704,4.369354725
mp-758717,4.698723316
mp-758727,3.693684578
mp-758744,3.567145824
mp-758752,3.786359072
mp-758759,3.678388119
mp-758760,5.13157177
mp-758769,4.709376812
mp-758770,1.544683695
mp-758791,3.581114769
mp-758809,4.68076849
mp-758816,4.45244503
mp-758827,4.569805622
mp-758831,3.593627691
mp-758838,3.030453444
mp-758846,3.778789997
mp-758854,3.123861551
mp-758888,4.103666782
mp-758894,3.495865822
mp-758898,3.386664867
mp-758908,4.376975536
mp-758913,2.420493126
mp-758922,4.17969799
mp-758950,3.343326807
mp-758960,2.590647221
mp-758964,2.281886339
mp-758978,3.313007355
mp-758979,2.841100693
mp-758983,3.712856293
mp-759008,4.303881168
mp-759038,2.538305998
mp-759053,3.162717819
mp-759075,4.806395531
mp-759084,5.773137093
mp-759087,2.342856884
mp-759095,2.555610657
mp-759097,2.322824001
mp-759101,5.185674191
mp-759108,4.964354992
mp-759133,4.178043842
mp-759136,3.656364918
mp-759143,5.202663898
mp-759144,3.700826168
mp-759153,3.680952787
mp-759157,3.340708256
mp-759169,6.015325546
mp-759176,3.671448231
mp-759177,2.6269207
mp-759180,3.781969547
mp-759200,2.924802303
mp-759204,2.667897701
mp-759208,3.966892958
mp-759215,3.74237299
mp-759223,3.596292257
mp-759226,3.92814064
mp-759236,1.847187638
mp-759255,4.67611599
mp-759261,3.874314308
mp-759279,3.895163298
mp-759297,3.122010469
mp-759319,4.218635082
mp-759333,-0.434290409
mp-759337,5.371882915
mp-759339,2.779877663
mp-759340,3.967215061
mp-759343,5.854272366
mp-759349,3.435218811
mp-759370,3.622156382
mp-759373,3.930808306
mp-759382,1.636043906
mp-759410,3.665355682
mp-759456,4.468540668
mp-759471,1.343775511
mp-759472,2.889974594
mp-759483,3.683577299
mp-759495,2.819894552
mp-759521,3.515994072
mp-759522,3.410517454
mp-759524,4.22711277
mp-759525,4.083393097
mp-759530,3.973389626
mp-759543,2.533213615
mp-759549,5.1436553
mp-759558,2.344570875
mp-759614,4.709108353
mp-759618,3.814530134
mp-759625,4.604772091
mp-759642,3.944967508
mp-759668,4.28063345
mp-759677,3.807868958
mp-759678,2.682905197
mp-759703,3.71949172
mp-759723,3.028866529
mp-759724,4.49562788
mp-759725,4.417619705
mp-759751,3.655577183
mp-759752,2.358050346
mp-759757,3.910057068
mp-759777,3.190340042
mp-759780,3.533163309
mp-759788,3.010850668
mp-759802,3.868737698
mp-759807,3.626531363
mp-759812,2.502040625
mp-759829,3.384306192
mp-759849,1.658249378
mp-759851,2.690583229
mp-759885,2.287225485
mp-759926,1.143725753
mp-759933,1.929794312
mp-759937,4.027181625
mp-759957,3.883994102
mp-759960,4.684725285
mp-759972,3.212874889
mp-759983,4.075575829
mp-759987,5.461019516
mp-759992,3.64448595
mp-760012,1.63317275
mp-760027,3.939045668
mp-760030,2.357172251
mp-760037,4.113349915
mp-760051,3.602772713
mp-760060,4.456368923
mp-760077,3.831339359
mp-760086,4.769333839
mp-760115,3.569298267
mp-760168,1.547294021
mp-760178,4.460215569
mp-760180,4.591225147
mp-760189,4.183794498
mp-760194,4.595002174
mp-760197,4.346325874
mp-760200,3.06974268
mp-760202,4.765759945
mp-760211,2.869295835
mp-760219,3.710995913
mp-760233,4.098312378
mp-760249,3.873615026
mp-760250,4.610021114
mp-760255,3.488411188
mp-760302,2.919769526
mp-760309,5.463088512
mp-760312,4.663962841
mp-760313,4.312059879
mp-760320,4.565018177
mp-760326,4.056389332
mp-760329,4.712461948
mp-760338,4.272833347
mp-760343,3.134050846
mp-760355,4.247571468
mp-760358,2.992680788
mp-760367,4.418310642
mp-760536,3.855118036
mp-760546,2.958224297
mp-760579,3.654145718
mp-760595,4.019926071
mp-760793,4.651941299
mp-760832,1.398767233
mp-760833,4.119502068
mp-760859,4.309963703
mp-760888,2.67813611
mp-760913,3.621981859
mp-760914,2.802531242
mp-760930,2.5843575
mp-760947,3.42027545
mp-761010,1.468586326
mp-761012,3.933942795
mp-761016,3.613747358
mp-761027,2.338284492
mp-761041,1.582098365
mp-761042,2.3720119
mp-761092,3.063640118
mp-761101,2.912049055
mp-761111,2.003490925
mp-761130,3.373428583
mp-761143,2.887583017
mp-761156,1.953492165
mp-761158,3.377974987
mp-761168,3.63837862
mp-761176,3.836414576
mp-761177,4.37176466
mp-761188,4.438318729
mp-761197,3.340974808
mp-761245,2.51323843
mp-761256,3.366292477
mp-761260,2.538786888
mp-761279,2.418075085
mp-761280,3.359426022
mp-761449,2.163606167
mp-761501,3.629919767
mp-761512,3.702695131
mp-761530,4.470688343
mp-761540,4.220230103
mp-761579,3.839247942
mp-761589,4.046187878
mp-761614,4.123991489
mp-761730,3.197080851
mp-761825,3.233683109
mp-761891,1.686929822
mp-761932,4.109596252
mp-761971,2.069975376
mp-761986,0.434339017
mp-762011,3.30119276
mp-762032,1.928513765
mp-762239,4.19913435
mp-762249,3.679040194
mp-762390,2.825009823
mp-762493,3.12847352
mp-762505,3.813565254
mp-762529,4.062837601
mp-762575,3.857643843
mp-762624,3.59696269
mp-762633,3.654869318
mp-762634,1.842758536
mp-762700,3.917851925
mp-762820,3.474442005
mp-762834,3.595793247
mp-762856,4.767807484
mp-762880,3.712928772
mp-762930,3.899069309
mp-762932,2.859544754
mp-763057,3.472639322
mp-763169,3.309661627
mp-763192,2.788232088
mp-763200,3.12912488
mp-763201,2.165054083
mp-763238,3.706505299
mp-763240,3.684468031
mp-763241,4.755215168
mp-763248,3.564291
mp-763253,3.902936697
mp-763255,3.772951126
mp-763292,3.181918383
mp-763299,2.346483231
mp-763318,3.770248413
mp-763324,4.380636215
mp-763328,4.237499714
mp-763336,4.010261059
mp-763353,2.529811621
mp-763359,4.005596161
mp-763371,4.63856554
mp-763482,3.15923667
mp-763507,3.734719515
mp-763508,3.633751631
mp-763517,2.589565277
mp-763524,4.534545422
mp-763540,4.330855846
mp-763541,1.727999926
mp-763560,4.435382366
mp-763567,2.51909852
mp-763609,2.30164814
mp-763610,0.79614538
mp-763729,2.746967077
mp-763767,2.772531271
mp-763780,3.68560338
mp-763835,3.183512688
mp-763927,2.01812458
mp-763965,3.338280678
mp-764086,2.815000534
mp-764087,3.325908899
mp-764103,1.848447084
mp-764115,3.242061615
mp-764159,2.987335682
mp-764201,1.98856163
mp-764274,4.078583241
mp-764333,3.282236576
mp-764345,2.455737591
mp-764348,2.796580076
mp-764357,3.431363821
mp-764367,3.242452145
mp-764379,3.194759846
mp-764383,3.814612627
mp-764401,3.615938663
mp-764402,3.608010769
mp-764410,3.834513903
mp-764415,3.807814837
mp-764445,4.112921715
mp-764448,3.439591885
mp-764470,2.968298197
mp-764518,3.296685934
mp-764557,3.684775829
mp-764606,2.842704535
mp-764607,3.60104394
mp-764630,4.080568314
mp-764645,4.637831211
mp-764672,3.307887793
mp-764736,3.511142969
mp-764744,3.05546999
mp-764768,2.566771269
mp-764774,2.334157944
mp-764817,2.688459396
mp-764879,2.929938078
mp-764882,2.555080414
mp-764903,3.397808552
mp-764936,2.82539463
mp-764949,2.504188538
mp-764959,4.845918179
mp-764977,2.629769564
mp-765027,4.775238514
mp-765139,4.540307522
mp-765258,5.190409184
mp-765316,4.625143528
mp-765340,4.584753513
mp-765500,4.494567394
mp-765508,2.737871647
mp-765509,3.717960596
mp-765511,1.447133541
mp-765572,3.700013399
mp-765584,5.094136715
mp-765595,3.525748253
mp-765600,4.687019825
mp-765621,4.600250244
mp-765624,4.994014263
mp-765626,3.005058527
mp-765636,3.013610125
mp-765663,2.994672298
mp-765724,4.095597267
mp-765749,2.601189852
mp-765943,2.906093121
mp-765972,4.709450245
mp-766008,2.87134409
mp-766012,4.668105602
mp-766014,2.703337431
mp-766033,4.729073048
mp-766042,3.927596331
mp-766045,2.623638153
mp-766050,4.090291977
mp-766076,3.892482042
mp-766081,3.388839245
mp-766085,3.518680334
mp-766087,4.704547882
mp-766096,4.259236813
mp-766097,4.853304863
mp-766106,3.44781208
mp-766118,4.537005901
mp-766127,3.252493143
mp-766128,4.585076332
mp-766131,5.210250378
mp-766138,4.56699419
mp-766151,3.646267176
mp-766205,3.640027761
mp-766220,4.722538471
mp-766227,1.597112894
mp-766228,3.610934019
mp-766234,3.730991364
mp-766254,5.097707272
mp-766375,4.655364037
mp-766382,3.561761856
mp-766386,3.716537476
mp-766395,3.323922873
mp-766396,2.682975054
mp-766401,4.715680599
mp-766403,3.602836132
mp-766414,3.508258343
mp-766418,3.455038071
mp-766419,2.964245319
mp-766435,3.506527901
mp-766439,5.061918736
mp-766442,3.23149085
mp-766450,3.765215874
mp-766454,2.104159355
mp-766455,4.602784157
mp-766460,3.253853083
mp-766461,4.391736984
mp-766462,2.860608816
mp-766466,3.746407032
mp-766488,3.6133883
mp-766489,2.957389832
mp-766497,3.266890049
mp-766524,5.736802578
mp-766529,2.916479826
mp-766542,2.79547286
mp-766544,3.458359718
mp-766548,1.828692198
mp-766596,1.601383328
mp-766681,4.104714394
mp-766688,3.466609716
mp-766689,3.393140316
mp-766789,4.216429234
mp-766810,3.254474401
mp-766829,3.851011276
mp-766870,3.366323948
mp-766877,4.427235126
mp-766894,2.278581381
mp-766983,1.983375072
mp-767146,2.007015944
mp-767157,1.915096045
mp-767208,2.860429764
mp-767320,4.055953026
mp-767351,2.205322027
mp-767392,1.666033626
mp-767412,1.913685679
mp-767435,2.97140646
mp-767436,3.455722332
mp-767469,1.429869175
mp-767526,1.880208015
mp-767534,3.47655344
mp-767572,3.714199066
mp-767589,4.010880947
mp-767597,4.851453304
mp-767604,1.715188146
mp-767610,4.028872013
mp-767627,4.9980793
mp-767632,2.131644726
mp-767633,2.77363801
mp-767644,4.119124413
mp-767706,2.584614754
mp-767719,2.464757204
mp-767722,4.502297878
mp-767740,2.773854017
mp-767771,3.302164793
mp-767776,3.522949219
mp-767779,4.461315632
mp-767833,3.619266748
mp-767972,4.578835487
mp-768058,3.226006508
mp-768068,4.615784168
mp-768078,2.073322773
mp-768093,5.116886139
mp-768262,4.313698292
mp-768320,0.922604442
mp-768357,2.407174349
mp-768437,3.92089963
mp-768444,4.030518532
mp-768451,4.433153152
mp-768456,4.698486328
mp-768467,2.583184004
mp-768472,4.385476112
mp-768482,1.468406439
mp-768492,0.810446084
mp-768501,4.194296837
mp-768512,4.555189133
mp-768525,3.593945026
mp-768526,5.208366871
mp-768543,4.609796047
mp-768544,4.119561672
mp-768547,3.745936155
mp-768574,1.787837863
mp-768578,2.652547598
mp-768595,4.242599487
mp-768599,4.119692802
mp-768606,3.665316343
mp-768612,4.453493118
mp-768625,3.009973526
mp-768641,3.847810984
mp-768676,3.723576784
mp-768680,1.923832417
mp-768708,3.479732752
mp-768709,3.641733885
mp-768727,1.90231216
mp-768828,3.627972126
mp-768883,3.269032717
mp-768928,4.093227386
mp-768933,3.489942312
mp-768939,2.544908047
mp-768940,2.853732109
mp-768943,3.893923521
mp-769074,1.007604122
mp-769218,2.743776798
mp-769377,4.301131725
mp-769456,2.990433216
mp-769461,3.264580727
mp-769488,2.928681374
mp-769538,4.430978775
mp-769543,4.136915207
mp-769544,4.740833759
mp-769557,1.333797932
mp-769559,4.733934879
mp-769572,2.824366093
mp-769573,1.865954638
mp-769577,3.39684844
mp-769584,4.120283127
mp-769589,3.076266527
mp-769598,3.551897049
mp-769604,2.621543884
mp-769632,3.232723236
mp-769633,3.632762671
mp-769871,3.706562757
mp-769881,1.615684509
mp-769935,3.39568615
mp-769967,1.705308676
mp-769975,3.10257864
mp-770187,3.555275679
mp-770369,4.37953043
mp-770389,2.690214157
mp-770394,2.901890755
mp-770474,2.304720879
mp-770477,3.625515223
mp-770515,3.572447538
mp-770531,4.243216515
mp-770534,2.943739414
mp-770538,2.409064054
mp-770554,4.056023598
mp-770557,3.492846251
mp-770558,4.36074543
mp-770576,4.107681274
mp-770608,3.714386225
mp-770650,3.68038106
mp-770696,3.343085766
mp-770697,4.355088711
mp-770710,4.532948494
mp-770757,3.547979832
mp-770762,3.962818146
mp-770783,4.939324856
mp-770859,4.086224079
mp-770865,3.855779171
mp-770891,3.076171637
mp-770892,3.661732912
mp-770898,2.482979536
mp-770902,4.537853718
mp-770905,3.99840951
mp-770922,3.672136068
mp-771020,3.449406862
mp-771044,3.417003393
mp-771048,4.249947548
mp-771053,4.549335957
mp-771072,2.927980661
mp-771095,4.10862112
mp-771133,3.890843391
mp-771137,3.920498133
mp-771149,2.801243782
mp-771173,3.987492561
mp-771184,4.778641701
mp-771187,4.421459198
mp-771188,4.233769417
mp-771190,3.908427
mp-771197,4.317473412
mp-771199,1.666042566
mp-771239,5.111069679
mp-771243,3.852854729
mp-771245,4.141211033
mp-771261,4.380335808
mp-771265,3.842792034
mp-771307,4.416589737
mp-771308,4.370707512
mp-771312,5.372704983
mp-771315,3.566402912
mp-771320,4.661625862
mp-771326,2.182433128
mp-771350,4.239891529
mp-771370,4.087498188
mp-771388,4.223814487
mp-771391,3.670519114
mp-771431,3.035250664
mp-771523,2.096104383
mp-771571,2.969544888
mp-771595,1.782692194
mp-771641,3.752382755
mp-771660,4.293237686
mp-771674,3.678345442
mp-771687,3.234364271
mp-771695,3.473392248
mp-771696,2.590716124
mp-771700,3.791208982
mp-771701,3.116789579
mp-771706,3.61511755
mp-771764,3.075353861
mp-771768,5.395534992
mp-771769,4.111296654
mp-771820,3.457863331
mp-771822,1.990340471
mp-771853,3.790238857
mp-771880,4.269650459
mp-771885,2.210664511
mp-771886,4.811677456
mp-771897,3.163981199
mp-771905,3.528281927
mp-771910,3.933436155
mp-771912,2.21078372
mp-771940,4.250520229
mp-771947,3.485945225
mp-771949,2.614382267
mp-771952,4.086845398
mp-771964,1.803383827
mp-771970,3.349273682
mp-771971,2.006220818
mp-772016,4.09516716
mp-772042,1.387081265
mp-772061,3.509546518
mp-772072,4.443425179
mp-772100,2.561347485
mp-772119,3.106571198
mp-772125,1.72912693
mp-772131,2.534236193
mp-772136,4.715734005
mp-772143,2.77193141
mp-772144,3.323951483
mp-772173,4.038528919
mp-772182,3.515752792
mp-772211,3.079203606
mp-772213,3.933087826
mp-772225,5.322806358
mp-772265,1.672653675
mp-772266,3.262255192
mp-772268,5.41557169
mp-772269,3.590654612
mp-772277,4.079604149
mp-772284,3.338533878
mp-772291,3.717079639
mp-772303,3.276266813
mp-772317,1.472963095
mp-772319,2.825291634
mp-772328,4.08022213
mp-772334,2.136191607
mp-772337,4.603414536
mp-772395,3.203090668
mp-772423,5.262661457
mp-772428,4.024775505
mp-772431,3.803494692
mp-772437,3.043870449
mp-772448,4.030534267
mp-772482,3.288087606
mp-772496,3.606552362
mp-772505,5.322824001
mp-772512,3.059256792
mp-772530,3.438497066
mp-772533,4.866724968
mp-772541,3.193046331
mp-772564,4.323139668
mp-772596,3.153990269
mp-772613,2.833678246
mp-772616,3.345263958
mp-772631,4.077499866
mp-772632,3.427244663
mp-772635,3.955531359
mp-772662,4.393309593
mp-772720,4.267533779
mp-772738,2.999048471
mp-772817,3.709356785
mp-772822,2.684107304
mp-772911,3.482237816
mp-772942,4.568232536
mp-772951,4.25135231
mp-773000,2.004712582
mp-773001,5.325290203
mp-773004,3.376460791
mp-773014,5.297492504
mp-773019,3.935897589
mp-773026,3.294455528
mp-773028,4.273780823
mp-773044,2.968585253
mp-773047,1.992480516
mp-773053,3.685714483
mp-773058,1.495879292
mp-773060,1.161302805
mp-773061,1.531431317
mp-773070,1.392699122
mp-773071,3.849084377
mp-773088,4.267564774
mp-773120,3.723794699
mp-773127,3.905097246
mp-773140,4.445548058
mp-773144,3.715382099
mp-773160,2.422444344
mp-773167,3.949215651
mp-773170,4.299642086
mp-773181,3.533024788
mp-773187,1.774985194
mp-773196,4.086103439
mp-773198,4.19639492
mp-773238,3.153345108
mp-773432,3.885152578
mp-773506,3.749800682
mp-773507,4.110028744
mp-773511,3.666256905
mp-773514,3.017589569
mp-773538,3.500864744
mp-773602,4.113650322
mp-773607,3.660431623
mp-773672,3.516513348
mp-773920,3.274852991
mp-774043,4.509524345
mp-774064,3.417624235
mp-774165,4.21033144
mp-774171,4.177114964
mp-774257,3.70157671
mp-774297,3.385999918
mp-774302,3.943043947
mp-774344,3.355122805
mp-774347,4.345185757
mp-774356,4.200212002
mp-774359,4.339872837
mp-774383,2.923095703
mp-774387,2.710989237
mp-774390,3.927318573
mp-774402,4.053127289
mp-774406,4.529436111
mp-774415,2.888435602
mp-774416,3.102911711
mp-774419,4.325805187
mp-774420,3.485798597
mp-774423,3.707938433
mp-774457,3.027070284
mp-774461,4.100289822
mp-774482,1.160882235
mp-774500,2.654757738
mp-774501,3.060993195
mp-774508,3.550880671
mp-774601,4.063654423
mp-774609,0.982440114
mp-774620,2.906486034
mp-774621,1.992396951
mp-774635,2.527884245
mp-774638,3.974719763
mp-774649,3.849546194
mp-774654,3.915775061
mp-774666,3.100241661
mp-774667,3.673145533
mp-774673,3.294448137
mp-774710,3.069068432
mp-774719,4.622395515
mp-774811,3.512807131
mp-774871,4.014299393
mp-774878,2.848465681
mp-774891,2.837420225
mp-774910,3.220439434
mp-774914,4.747281075
mp-774945,2.346434355
mp-774950,2.056426764
mp-775006,3.381261587
mp-775008,3.473514318
mp-775016,3.269071341
mp-775017,3.790636539
mp-775024,4.625726223
mp-775025,3.968084335
mp-775116,2.971247911
mp-775128,3.919306993
mp-775131,3.351628065
mp-775134,2.773612738
mp-775135,3.171609402
mp-775155,2.736658573
mp-775162,3.774000406
mp-775167,3.708962202
mp-775168,4.15517664
mp-775175,2.378479004
mp-775179,4.171002388
mp-775181,3.915473938
mp-775191,3.605914116
mp-775192,3.965012074
mp-775197,2.259250402
mp-775200,4.272711277
mp-775201,4.413634777
mp-775212,2.394585609
mp-775219,3.429472208
mp-775220,3.45326829
mp-775224,2.733174801
mp-775234,2.568813801
mp-775270,4.0458498
mp-775272,4.248313904
mp-775274,1.698330998
mp-775275,3.747059584
mp-775276,4.291246891
mp-775288,2.887808084
mp-775293,4.672517776
mp-775295,2.102376699
mp-775296,2.903978586
mp-775297,3.910637856
mp-775301,3.458819151
mp-775302,3.489704609
mp-775307,4.445099831
mp-775315,4.28739357
mp-775326,0.942893565
mp-775333,3.682602406
mp-775334,2.820665359
mp-775339,3.019827366
mp-775340,4.158312798
mp-775436,4.518055439
mp-775437,2.844263792
mp-775438,2.967675924
mp-775462,2.995597363
mp-775491,2.850503445
mp-775492,1.739446521
mp-775539,3.415646553
mp-775543,2.359154224
mp-775544,3.377271414
mp-775564,1.153383732
mp-775628,0.847995281
mp-775644,3.46318388
mp-775731,3.840765476
mp-775750,4.804008961
mp-775753,2.605007887
mp-775807,3.030547142
mp-775810,4.685261726
mp-775818,1.564455867
mp-775826,4.405947685
mp-775831,3.04514575
mp-775850,2.544013023
mp-775873,4.174194813
mp-775891,4.035294056
mp-775959,3.485902548
mp-775967,2.672231436
mp-775968,3.539935589
mp-775969,3.036104918
mp-775991,3.846137047
mp-775996,3.134087801
mp-776004,3.148744345
mp-776008,3.843292713
mp-776057,3.466378212
mp-776060,2.927950621
mp-776068,2.725087166
mp-776082,1.861013174
mp-776100,3.561501265
mp-776109,3.038725138
mp-776119,3.901202679
mp-776142,2.787781715
mp-776152,3.619854927
mp-776164,3.223833799
mp-776195,3.165861607
mp-776208,2.931039095
mp-776211,4.096089363
mp-776223,4.658407211
mp-776243,4.674068928
mp-776270,3.952287674
mp-776272,4.206598759
mp-776288,3.237592697
mp-776330,4.050786495
mp-776347,2.554532528
mp-776358,3.908925533
mp-776411,4.440432072
mp-776450,3.41991663
mp-776468,5.062579155
mp-776484,1.889257312
mp-776510,3.303822994
mp-776536,3.467972755
mp-776537,4.4197855
mp-776577,2.961557627
mp-776580,3.466887236
mp-776581,3.987461329
mp-776603,4.336607933
mp-776644,3.634694576
mp-776652,3.403610468
mp-776659,2.548401117
mp-776662,2.879415512
mp-776680,4.140919209
mp-776750,4.715299129
mp-776755,4.164330006
mp-776759,3.697054386
mp-776812,4.924864769
mp-776832,4.72863102
mp-776983,2.036287069
mp-776994,2.858185768
mp-777002,1.550887823
mp-777003,5.027071476
mp-777048,4.368700981
mp-777235,2.599456787
mp-777241,4.040643215
mp-777317,4.441763401
mp-777342,2.908635378
mp-777375,3.245561361
mp-777408,4.483510971
mp-777440,4.491943836
mp-777455,3.393277884
mp-777460,3.528618574
mp-777463,6.140095711
mp-777477,3.523431301
mp-777531,2.60524559
mp-777541,3.248906612
mp-777580,3.358543396
mp-777585,4.712237358
mp-777608,1.945546865
mp-777653,2.456386566
mp-777657,3.81651783
mp-777666,1.496325016
mp-777716,4.008009434
mp-777723,3.85201478
mp-777751,2.150074482
mp-777771,4.42529583
mp-777793,3.670007944
mp-777811,5.375658512
mp-777816,3.466741323
mp-777821,3.041782379
mp-777840,2.898984432
mp-777850,3.220767021
mp-777859,4.307023525
mp-777860,6.238580227
mp-777879,4.336518764
mp-777880,2.936094761
mp-777945,3.90785265
mp-778008,3.479875326
mp-778021,4.878687382
mp-778032,3.381773233
mp-778061,3.617312431
mp-778073,4.800210476
mp-778074,4.80364275
mp-778111,4.879698277
mp-778194,0.602329016
mp-778207,4.327155113
mp-778217,4.118597984
mp-778224,3.692332029
mp-778234,5.205762863
mp-778252,3.436270714
mp-778325,1.872981191
mp-778369,3.921692848
mp-778403,3.340929747
mp-778408,1.516935825
mp-778446,2.838271856
mp-778481,4.812775612
mp-778482,2.955145597
mp-778489,4.028838634
mp-778490,4.167187214
mp-778517,4.127972126
mp-778622,3.493991613
mp-778734,2.476386309
mp-778765,4.826910973
mp-778822,4.289627552
mp-778827,3.299274445
mp-778865,2.949299097
mp-778931,4.101535797
mp-779023,3.413809776
mp-779064,2.669955254
mp-779309,2.950462818
mp-779338,3.85509038
mp-779347,2.507819414
mp-779365,2.982607365
mp-779443,3.161151648
mp-779530,5.584607124
mp-779609,2.791205883
mp-779704,0.815384507
mp-779766,5.090676308
mp-779820,4.723893166
mp-779879,4.672834396
mp-779900,4.216051102
mp-779909,1.732686162
mp-779913,2.403128624
mp-780043,3.654694319
mp-780114,3.496249199
mp-780159,4.457388401
mp-780162,3.32851553
mp-780203,3.180756092
mp-780287,4.207431316
mp-780288,4.555765629
mp-780323,4.287808418
mp-780405,2.429127693
mp-780444,4.267787933
mp-780465,3.397406578
mp-780467,4.111629963
mp-780469,3.849734068
mp-780520,4.442584038
mp-780521,4.043726444
mp-780523,3.822496414
mp-780524,3.442512989
mp-780530,3.104444504
mp-780569,1.935893536
mp-780570,2.770851612
mp-780572,2.928391457
mp-780573,2.754345417
mp-780575,5.478463173
mp-780604,5.286667824
mp-780609,3.505503416
mp-780611,2.985203505
mp-780612,4.011821747
mp-780614,3.426925659
mp-780620,2.54489255
mp-780624,4.16065073
mp-780684,4.181455612
mp-780699,2.675178051
mp-780763,2.975721121
mp-780798,5.279850483
mp-780849,3.440578222
mp-780866,2.603936434
mp-780886,3.960098982
mp-780941,4.457426548
mp-781010,2.807956696
mp-781049,2.994244576
mp-781081,4.396753311
mp-781611,2.4284904
mp-781614,2.04776001
mp-781672,3.146149397
mp-781682,3.453025103
mp-781684,4.860058784
mp-781740,2.823161125
mp-781824,1.921677232
mp-781825,2.80186367
mp-782631,4.343392849
mp-782636,4.306340694
mp-782662,2.451867819
mp-782664,3.526510477
mp-782668,3.769002676
mp-782720,2.872402668
mp-7848,-1.352595806
mp-7949,0.519228637
mp-80,0.933518529
mp-8016,-0.205882862
mp-8140,-0.019192128
mp-8189,1.095966935
mp-8191,2.052451849
mp-8251,0.459755778
mp-8306,-1.542917013
mp-831269,3.286631823
mp-849086,3.107393026
mp-849219,1.211813688
mp-849243,3.397969961
mp-849262,3.63419199
mp-849292,3.296308041
mp-849313,2.827749491
mp-849323,4.473979473
mp-849340,2.787270546
mp-849410,3.913492441
mp-849412,4.16866684
mp-849416,3.980424881
mp-849418,2.720724821
mp-849425,5.160708904
mp-849448,3.955192566
mp-849451,4.053361416
mp-849463,3.716294765
mp-849471,2.576571703
mp-849495,3.914643764
mp-849505,3.290318012
mp-849511,2.340308666
mp-849520,3.722677708
mp-849562,4.192947388
mp-849581,3.660583973
mp-849588,3.442544699
mp-849596,3.874465942
mp-849633,5.337189674
mp-849656,3.652135849
mp-849671,4.636757374
mp-849720,3.152631521
mp-849725,5.05324173
mp-849731,2.691864014
mp-849736,5.428109169
mp-849746,3.38342452
mp-849747,3.165767193
mp-849758,3.575744867
mp-849767,3.721209288
mp-849770,4.103983879
mp-849792,3.792950869
mp-849889,4.039747715
mp-849990,3.406103611
mp-849992,3.242804527
mp-849993,6.46998167
mp-849995,5.034852028
mp-8500,1.998554349
mp-850007,4.106053829
mp-850025,3.77918911
mp-850026,3.614744425
mp-850103,2.406404972
mp-850188,4.476495266
mp-850203,1.291913271
mp-850210,2.573861361
mp-850215,2.291001081
mp-850220,4.225349426
mp-850285,2.206622124
mp-850332,2.991853714
mp-850365,3.919164896
mp-850395,3.597048044
mp-850419,2.563873768
mp-850530,4.292038441
mp-850531,3.748535156
mp-850538,2.805655241
mp-850539,4.567618847
mp-850744,3.045744896
mp-850780,2.558497429
mp-850867,3.930169344
mp-850874,4.229900837
mp-850878,2.241991043
mp-850905,3.870606184
mp-850920,3.50864625
mp-850922,3.316438437
mp-850937,4.326009274
mp-850948,3.733781338
mp-850956,3.620253325
mp-850962,4.716683388
mp-850978,3.311469316
mp-850989,3.311172962
mp-850998,3.506276846
mp-851082,4.028676033
mp-851093,4.511926174
mp-851127,4.824621677
mp-861258,3.305214167
mp-861261,3.627003431
mp-861278,4.536242962
mp-861444,2.386283875
mp-861494,3.50029254
mp-861562,4.123668194
mp-861565,3.2908957
mp-861612,2.941124678
mp-861694,4.186910629
mp-861850,3.628641605
mp-861866,0.273463219
mp-862620,-4.522807121
mp-8633,-0.407307178
mp-863354,2.555184364
mp-863400,4.110294342
mp-8636,-0.820992231
mp-863857,4.070853233
mp-865352,-0.864775479
mp-866668,2.721254587
mp-867541,2.773867607
mp-867575,3.809568167
mp-867636,3.835348606
mp-867653,3.83575964
mp-867745,-0.154987976
mp-867746,3.602466345
mp-867825,4.703289509
mp-867845,4.723577023
mp-867855,2.395587683
mp-867971,4.335038185
mp-867992,4.490852833
mp-870306,2.716792345
mp-8789,-2.130789518
mp-881173,3.678552628
mp-882899,4.19190979
mp-883520,1.909171939
mp-883548,3.044171333
mp-8922,0.638908327
mp-9027,1.926138639
mp-9173,1.907848001
mp-9325,-1.340057969
mp-9486,-2.315000534
mp-9561,1.787873745
mp-9750,2.842797041
mp-975609,-1.30945158
mp-977107,-0.017311176
mp-977123,1.729910731
mp-980949,-1.906395555
mp-983585,-4.195878029
mp-984873,-3.344192982
mp-985806,0.196394667
mp-989616,-1.906395555
mp-998412,-0.180748656
mp-998748,2.565645456
mp-998890,-0.005609873
mvc-14703,4.628172398
mvc-15392,1.540241599
mvc-3271,2.658485651
mvc-6615,2.767662525
